customer_id,customer_name,segment,region,state,city,analysis_date,first_order_date,last_order_date,days_since_last_order,expected_reorder_days,inactivity_ratio,total_orders,lifetime_sales,lifetime_profit,avg_order_value,profit_margin_pct,customer_segment,orders_last_90_days,sales_last_90_days,sales_previous_90_days,sales_change_pct,behavior_trend,churn_risk_score,churn_risk_band,inactivity_status,churn_flag,declining_behavior_flag,recommended_retention_action,retention_priority_score,retention_priority_rank,priority_group
RB-19360,Raymond Buch,Consumer,East,Ohio,Cincinnati,2017-12-30,2016-04-01,2017-09-25,96,48.0,2.0,6,15117.34,6976.1,2519.56,46.15,Loyal Customer,0,0.0,150.8,-100.0,Recently Inactive,80,Critical Risk,Inactive,1,1,Immediate win-back outreach,88.91,1,Top 25
HW-14935,Helen Wasserman,Corporate,Central,Illinois,Chicago,2017-12-30,2015-09-27,2017-09-04,117,56.0,2.09,8,9300.25,2164.16,1162.53,23.27,Loyal Customer,0,0.0,3189.91,-100.0,Recently Inactive,80,Critical Risk,Inactive,1,1,Immediate win-back outreach,87.81,2,Top 25
LA-16780,Laura Armstrong,Corporate,Central,Texas,Austin,2017-12-30,2014-04-29,2017-07-29,154,71.0,2.17,11,8673.22,2059.12,788.47,23.74,Loyal Customer,0,0.0,127.69,-100.0,Recently Inactive,80,Critical Risk,Inactive,1,1,Immediate win-back outreach,87.54,3,Top 25
EH-13765,Edward Hooks,Corporate,East,New York,Watertown,2017-12-30,2014-04-12,2017-08-17,135,59.0,2.29,12,10310.88,1393.52,859.24,13.51,Loyal Customer,0,0.0,1358.48,-100.0,Recently Inactive,80,Critical Risk,Inactive,1,1,Immediate win-back outreach,87.32,4,Top 25
TC-20980,Tamara Chand,Corporate,West,Washington,Seattle,2017-12-30,2014-11-07,2016-11-26,399,102.0,3.91,5,19052.22,8981.32,3810.44,47.14,Repeat Customer,0,0.0,0.0,,Stable,75,High Risk,Churned,1,0,Targeted retention offer,86.21,5,Top 25
SC-20095,Sanjit Chand,Consumer,East,Massachusetts,Quincy,2017-12-30,2014-02-12,2017-01-15,349,76.0,4.59,9,14142.33,5757.41,1571.37,40.71,Loyal Customer,0,0.0,0.0,,Stable,75,High Risk,Churned,1,0,Targeted retention offer,85.99,6,Top 25
BS-11365,Bill Shonely,Corporate,Central,Oklahoma,Oklahoma City,2017-12-30,2014-05-04,2016-06-20,558,146.0,3.82,5,10501.65,2616.06,2100.33,24.91,Repeat Customer,0,0.0,0.0,,Stable,75,High Risk,Churned,1,0,Targeted retention offer,85.32,7,Top 25
NW-18400,Natalie Webber,Consumer,Central,Iowa,Waterloo,2017-12-30,2014-06-21,2017-07-11,172,80.0,2.15,7,7234.01,1023.12,1033.43,14.14,Loyal Customer,0,0.0,30.32,-100.0,Recently Inactive,80,Critical Risk,Inactive,1,1,Immediate win-back outreach,85.22,8,Top 25
CL-12565,Clay Ludtke,Consumer,Central,Oklahoma,Tulsa,2017-12-30,2014-03-04,2017-03-21,284,62.0,4.58,12,10880.55,1933.78,906.71,17.77,Loyal Customer,0,0.0,0.0,,Stable,75,High Risk,Churned,1,0,Targeted retention offer,85.17,9,Top 25
AM-10705,Anne McFarland,Consumer,South,Virginia,Salem,2017-12-30,2014-10-31,2017-07-21,162,71.0,2.28,8,5664.02,1085.73,708.0,19.17,Loyal Customer,0,0.0,951.98,-100.0,Recently Inactive,80,Critical Risk,Inactive,1,1,Immediate win-back outreach,83.97,10,Top 25
CJ-12010,Caroline Jumper,Consumer,West,California,Huntington Beach,2017-12-30,2016-03-10,2017-06-24,189,37.0,5.11,8,11164.97,858.74,1395.62,7.69,Loyal Customer,0,0.0,0.0,,Stable,75,High Risk,Churned,1,0,Targeted retention offer,83.64,11,Top 25
AH-10690,Anna Häberlin,Corporate,West,California,San Diego,2017-12-30,2014-04-02,2016-11-15,410,65.0,6.31,12,7888.29,1298.02,657.36,16.45,Loyal Customer,0,0.0,0.0,,Stable,75,High Risk,Churned,1,0,Targeted retention offer,83.62,12,Top 25
PS-19045,Penelope Sewall,Home Office,West,California,Los Angeles,2017-12-30,2014-12-20,2017-05-08,236,109.0,2.17,7,6843.63,1742.73,977.66,25.46,Loyal Customer,0,0.0,0.0,,Stable,75,High Risk,Churned,1,0,Targeted retention offer,83.49,13,Top 25
KD-16270,Karen Daniels,Consumer,East,New York,New York City,2017-12-30,2014-11-11,2016-09-02,484,66.0,7.33,5,8282.36,1107.7,1656.47,13.37,Repeat Customer,0,0.0,0.0,,Stable,75,High Risk,Churned,1,0,Targeted retention offer,83.39,14,Top 25
VD-21670,Valerie Dominguez,Consumer,South,Mississippi,Jackson,2017-12-30,2014-08-04,2016-05-28,581,66.0,8.8,6,6442.25,1617.79,1073.71,25.11,Loyal Customer,0,0.0,0.0,,Stable,75,High Risk,Churned,1,0,Targeted retention offer,83.02,15,Top 25
RH-19510,Rick Huthwaite,Home Office,East,Rhode Island,Providence,2017-12-30,2014-11-16,2016-09-19,467,92.0,5.08,6,6979.18,1289.45,1163.2,18.48,Loyal Customer,0,0.0,0.0,,Stable,75,High Risk,Churned,1,0,Targeted retention offer,83.0,16,Top 25
SD-20485,Shirley Daniels,Home Office,Central,Illinois,Chicago,2017-12-30,2014-01-26,2017-06-13,200,93.0,2.15,9,6121.11,1985.17,680.12,32.43,Loyal Customer,0,0.0,0.0,,Stable,75,High Risk,Churned,1,0,Targeted retention offer,82.92,17,Top 25
PO-19180,Philisse Overcash,Home Office,Central,Wisconsin,Kenosha,2017-12-30,2015-08-11,2017-07-23,160,63.0,2.54,9,4893.04,1155.43,543.67,23.61,Loyal Customer,0,0.0,399.95,-100.0,Recently Inactive,80,Critical Risk,Inactive,1,1,Immediate win-back outreach,82.87,18,Top 25
JD-15895,Jonathan Doherty,Corporate,South,Virginia,Richmond,2017-12-30,2014-03-26,2016-12-01,394,47.0,8.38,11,7610.86,1050.27,691.9,13.8,Loyal Customer,0,0.0,0.0,,Stable,75,High Risk,Churned,1,0,Targeted retention offer,82.73,19,Top 25
MS-17365,Maribeth Schnelling,Consumer,West,California,San Francisco,2017-12-30,2014-09-09,2017-04-01,273,61.0,4.48,10,7443.69,844.94,744.37,11.35,Loyal Customer,0,0.0,0.0,,Stable,75,High Risk,Churned,1,0,Targeted retention offer,82.28,20,Top 25
KD-16495,Keith Dawkins,Corporate,West,California,Los Angeles,2017-12-30,2014-09-28,2017-09-09,112,60.0,1.87,12,8181.26,3038.63,681.77,37.14,Loyal Customer,0,0.0,117.41,-100.0,Recently Inactive,70,High Risk,Inactive,1,1,Targeted retention offer,82.04,21,Top 25
DP-13390,Dennis Pardue,Home Office,South,Alabama,Tuscaloosa,2017-12-30,2014-07-05,2017-01-06,358,106.0,3.38,9,5480.72,1571.83,608.97,28.68,Loyal Customer,0,0.0,0.0,,Stable,75,High Risk,Churned,1,0,Targeted retention offer,81.77,22,Top 25
SV-20365,Seth Vernon,Consumer,East,New York,New York City,2017-12-30,2014-01-11,2017-09-20,101,65.0,1.55,10,11470.95,1199.42,1147.1,10.46,Loyal Customer,0,0.0,8459.94,-100.0,Recently Inactive,70,High Risk,Inactive,1,1,Targeted retention offer,81.61,23,Top 25
SC-20725,Steven Cartwright,Consumer,East,New York,New York City,2017-12-30,2014-06-03,2017-06-26,187,67.0,2.79,11,5226.21,1276.65,475.11,24.43,Loyal Customer,0,0.0,0.0,,Stable,75,High Risk,Churned,1,0,Targeted retention offer,80.88,24,Top 25
RW-19540,Rick Wilson,Corporate,West,Washington,Seattle,2017-12-30,2015-02-03,2017-09-01,120,64.0,1.88,7,7397.4,1586.63,1056.77,21.45,Loyal Customer,0,0.0,4143.91,-100.0,Recently Inactive,70,High Risk,Inactive,1,1,Targeted retention offer,80.85,25,Top 25
PP-18955,Paul Prost,Home Office,South,Florida,Hollywood,2017-12-30,2014-08-26,2017-09-24,97,51.0,1.9,10,7252.61,1495.09,725.26,20.61,Loyal Customer,0,0.0,399.53,-100.0,Recently Inactive,70,High Risk,Inactive,1,1,Targeted retention offer,80.68,26,Next 50
DH-13075,Dave Hallsten,Corporate,West,California,Fairfield,2017-12-30,2014-11-21,2017-03-28,277,59.0,4.69,6,4932.87,1193.74,822.15,24.2,Loyal Customer,0,0.0,0.0,,Stable,75,High Risk,Churned,1,0,Targeted retention offer,80.35,27,Next 50
TS-21205,Thomas Seio,Corporate,South,Tennessee,Nashville,2017-12-30,2014-03-21,2017-06-15,198,99.0,2.0,7,5371.09,862.89,767.3,16.07,Loyal Customer,0,0.0,0.0,,Stable,75,High Risk,Churned,1,0,Targeted retention offer,80.33,28,Next 50
MC-17425,Mark Cousins,Corporate,South,Alabama,Mobile,2017-12-30,2014-05-30,2016-11-26,399,152.0,2.63,5,4432.14,1802.39,886.43,40.67,Repeat Customer,0,0.0,0.0,,Stable,75,High Risk,Churned,1,0,Targeted retention offer,80.1,29,Next 50
TB-21400,Tom Boeckenhauer,Consumer,West,Washington,Seattle,2017-12-30,2014-01-21,2017-06-11,202,116.0,1.74,7,9133.99,2798.37,1304.86,30.64,Loyal Customer,0,0.0,0.0,,Stable,65,High Risk,Churned,1,0,Targeted retention offer,79.69,30,Next 50
KF-16285,Karen Ferguson,Home Office,South,Georgia,Sandy Springs,2017-12-30,2014-09-26,2017-09-24,97,97.0,1.0,7,10604.27,1660.14,1514.9,15.66,Loyal Customer,0,0.0,2237.57,-100.0,Recently Inactive,65,High Risk,Inactive,1,1,Targeted retention offer,79.41,31,Next 50
SC-20230,Scot Coram,Corporate,West,Washington,Seattle,2017-12-30,2016-06-06,2017-08-03,149,63.0,2.37,4,4371.96,440.14,1092.99,10.07,Repeat Customer,0,0.0,16.06,-100.0,Recently Inactive,80,Critical Risk,Inactive,1,1,Immediate win-back outreach,78.56,32,Next 50
CB-12535,Claudia Bergmann,Corporate,South,North Carolina,Chapel Hill,2017-12-30,2015-01-02,2017-06-16,197,75.0,2.63,8,4246.46,1049.56,530.81,24.72,Loyal Customer,0,0.0,0.0,,Stable,75,High Risk,Churned,1,0,Targeted retention offer,78.25,33,Next 50
PW-19240,Pierre Wener,Consumer,East,Pennsylvania,Philadelphia,2017-12-30,2014-11-18,2016-09-22,464,92.0,5.04,7,3922.42,1290.35,560.35,32.9,Loyal Customer,0,0.0,0.0,,Stable,75,High Risk,Churned,1,0,Targeted retention offer,78.25,33,Next 50
NM-18445,Nathan Mautz,Home Office,East,New York,New York City,2017-12-30,2014-02-08,2017-07-23,160,146.0,1.1,7,6459.34,2751.68,922.76,42.6,Loyal Customer,0,0.0,13.92,-100.0,Recently Inactive,65,High Risk,Inactive,1,1,Targeted retention offer,78.12,34,Next 50
IM-15070,Irene Maddox,Consumer,West,Washington,Seattle,2017-12-30,2014-12-19,2016-12-05,390,54.0,7.22,7,4930.47,514.65,704.35,10.44,Loyal Customer,0,0.0,0.0,,Stable,75,High Risk,Churned,1,0,Targeted retention offer,77.7,35,Next 50
AJ-10795,Anthony Johnson,Corporate,West,California,Apple Valley,2017-12-30,2014-05-14,2017-07-17,166,87.0,1.91,7,4501.39,1158.71,643.06,25.74,Loyal Customer,0,0.0,1295.03,-100.0,Recently Inactive,70,High Risk,Inactive,1,1,Targeted retention offer,76.6,36,Next 50
RL-19615,Rob Lucas,Consumer,South,North Carolina,Fayetteville,2017-12-30,2014-12-05,2017-08-31,121,65.0,1.86,8,6234.91,488.15,779.36,7.83,Loyal Customer,0,0.0,1574.38,-100.0,Recently Inactive,70,High Risk,Inactive,1,1,Targeted retention offer,76.5,37,Next 50
NP-18700,Nora Preis,Consumer,West,California,San Francisco,2017-12-30,2014-09-05,2017-08-14,138,134.0,1.03,7,7903.18,631.23,1129.03,7.99,Loyal Customer,0,0.0,22.44,-100.0,Recently Inactive,65,High Risk,Inactive,1,1,Targeted retention offer,75.96,38,Next 50
SV-20785,Stewart Visinsky,Consumer,East,Maryland,Baltimore,2017-12-30,2014-04-12,2017-02-13,320,65.0,4.92,9,4105.31,485.03,456.15,11.81,Loyal Customer,0,0.0,0.0,,Stable,75,High Risk,Churned,1,0,Targeted retention offer,75.45,39,Next 50
JS-15880,John Stevenson,Consumer,Central,Texas,Irving,2017-12-30,2014-04-08,2016-07-14,534,155.0,3.45,5,3868.02,564.98,773.6,14.61,Repeat Customer,0,0.0,0.0,,Stable,75,High Risk,Churned,1,0,Targeted retention offer,75.39,40,Next 50
HR-14830,Harold Ryan,Corporate,West,California,Huntington Beach,2017-12-30,2014-11-24,2017-07-24,159,112.0,1.42,7,5248.79,1196.95,749.83,22.8,Loyal Customer,0,0.0,2399.96,-100.0,Recently Inactive,65,High Risk,Inactive,1,1,Targeted retention offer,75.21,41,Next 50
IL-15100,Ivan Liston,Consumer,Central,Indiana,Columbus,2017-12-30,2014-08-01,2017-08-10,142,128.0,1.11,7,5040.74,1121.94,720.11,22.26,Loyal Customer,0,0.0,1645.87,-100.0,Recently Inactive,65,High Risk,Inactive,1,1,Targeted retention offer,74.77,42,Next 50
JK-15640,Jim Kriz,Home Office,West,Washington,Seattle,2017-12-30,2014-09-19,2017-07-03,180,139.0,1.29,9,4760.43,1172.53,528.94,24.63,Loyal Customer,0,0.0,4150.97,-100.0,Recently Inactive,65,High Risk,Inactive,1,1,Targeted retention offer,74.36,43,Next 50
HK-14890,Heather Kirkland,Corporate,West,California,Salinas,2017-12-30,2014-06-10,2017-08-01,151,123.0,1.23,8,4877.78,956.95,609.72,19.62,Loyal Customer,0,0.0,54.9,-100.0,Recently Inactive,65,High Risk,Inactive,1,1,Targeted retention offer,74.15,44,Next 50
RF-19345,Randy Ferguson,Corporate,Central,Illinois,Chicago,2017-12-30,2014-05-20,2016-12-05,390,93.0,4.19,8,3309.15,633.71,413.64,19.15,Loyal Customer,0,0.0,0.0,,Stable,75,High Risk,Churned,1,0,Targeted retention offer,74.13,45,Next 50
BW-11110,Bart Watters,Corporate,West,Washington,Spokane,2017-12-30,2015-03-20,2017-08-31,121,84.0,1.44,8,4750.36,921.26,593.79,19.39,Loyal Customer,0,0.0,719.3,-100.0,Recently Inactive,65,High Risk,Inactive,1,1,Targeted retention offer,73.81,46,Next 50
BE-11335,Bill Eplett,Home Office,Central,Michigan,Jackson,2017-12-30,2016-01-15,2017-09-02,119,112.0,1.06,5,4204.68,1487.77,840.94,35.38,Repeat Customer,0,0.0,3889.92,-100.0,Recently Inactive,65,High Risk,Inactive,1,1,Targeted retention offer,73.56,47,Next 50
SB-20185,Sarah Brown,Consumer,East,New York,New York City,2017-12-30,2014-09-20,2017-06-25,188,138.0,1.36,6,6411.0,885.46,1068.5,13.81,Loyal Customer,0,0.0,0.0,,Stable,60,High Risk,Churned,1,0,Targeted retention offer,73.5,48,Next 50
MP-17470,Mark Packer,Home Office,East,Ohio,Columbus,2017-12-30,2014-03-30,2016-01-11,719,75.0,9.59,7,3206.13,600.29,458.02,18.72,Loyal Customer,0,0.0,0.0,,Stable,75,High Risk,Churned,1,0,Targeted retention offer,73.31,49,Next 50
DW-13480,Dianna Wilson,Home Office,South,Kentucky,Louisville,2017-12-30,2014-06-01,2017-05-27,217,164.0,1.32,5,5271.63,1348.76,1054.33,25.59,Repeat Customer,0,0.0,0.0,,Stable,60,High Risk,Churned,1,0,Targeted retention offer,72.95,50,Next 50
TG-21310,Toby Gnade,Consumer,East,New York,New York City,2017-12-30,2015-03-09,2017-01-27,337,129.0,2.61,5,3058.37,682.17,611.67,22.31,Repeat Customer,0,0.0,0.0,,Stable,75,High Risk,Churned,1,0,Targeted retention offer,72.91,51,Next 50
CC-12685,Craig Carroll,Consumer,Central,Texas,Lubbock,2017-12-30,2014-03-22,2015-10-23,799,79.0,10.11,4,2854.12,850.16,713.53,29.79,Repeat Customer,0,0.0,0.0,,Stable,75,High Risk,Churned,1,0,Targeted retention offer,72.74,52,Next 50
JM-15865,John Murray,Consumer,West,California,Los Angeles,2017-12-30,2014-11-19,2017-09-12,109,129.0,0.84,7,7625.08,1574.62,1089.3,20.65,Loyal Customer,0,0.0,166.44,-100.0,Recently Inactive,55,Medium Risk,Inactive,0,1,Monitor and re-engage,72.73,53,Next 50
GK-14620,Grace Kelly,Corporate,Central,Texas,Plano,2017-12-30,2014-06-25,2017-09-09,112,135.0,0.83,9,6497.27,1448.55,721.92,22.29,Loyal Customer,0,0.0,9.86,-100.0,Recently Inactive,55,Medium Risk,Inactive,0,1,Monitor and re-engage,71.98,54,Next 50
GA-14515,George Ashbrook,Consumer,West,California,Los Angeles,2017-12-30,2014-05-18,2017-08-03,149,135.0,1.1,8,3919.78,840.9,489.97,21.45,Loyal Customer,0,0.0,99.87,-100.0,Recently Inactive,65,High Risk,Inactive,1,1,Targeted retention offer,71.67,55,Next 50
SR-20740,Steven Roelle,Home Office,East,New York,New York City,2017-12-30,2014-02-20,2017-06-17,196,165.0,1.19,8,4345.89,1990.42,543.24,45.8,Loyal Customer,0,0.0,0.0,,Stable,60,High Risk,Churned,1,0,Targeted retention offer,71.66,56,Next 50
JL-15850,John Lucas,Consumer,East,Pennsylvania,Philadelphia,2017-12-30,2014-07-22,2016-04-25,614,96.0,6.4,6,2725.26,779.9,454.21,28.62,Loyal Customer,0,0.0,0.0,,Stable,75,High Risk,Churned,1,0,Targeted retention offer,71.63,57,Next 50
AP-10915,Arthur Prichep,Consumer,West,Colorado,Fort Collins,2017-12-30,2014-08-23,2017-09-23,98,56.0,1.75,10,3323.56,579.31,332.36,17.43,Loyal Customer,0,0.0,253.02,-100.0,Recently Inactive,70,High Risk,Inactive,1,1,Targeted retention offer,71.19,58,Next 50
BM-11140,Becky Martin,Consumer,West,California,Santa Barbara,2017-12-30,2014-09-08,2017-02-26,307,90.0,3.41,4,11789.63,-1659.96,2947.41,-14.08,Repeat Customer,0,0.0,0.0,,Stable,75,High Risk,Churned,1,0,Targeted retention offer,71.0,59,Next 50
CM-12715,Craig Molinari,Corporate,Central,Texas,Houston,2017-12-30,2014-03-07,2015-03-01,1035,45.0,23.0,4,3984.45,176.31,996.11,4.42,Repeat Customer,0,0.0,0.0,,Stable,75,High Risk,Churned,1,0,Targeted retention offer,71.0,59,Next 50
PF-19120,Peter Fuller,Consumer,East,New York,New York City,2017-12-30,2014-05-05,2015-09-17,835,42.0,19.88,4,9062.86,-614.29,2265.72,-6.78,Repeat Customer,0,0.0,0.0,,Stable,75,High Risk,Churned,1,0,Targeted retention offer,70.91,60,Next 50
LC-16960,Lindsay Castell,Home Office,South,Virginia,Arlington,2017-12-30,2015-02-23,2016-10-20,436,151.0,2.89,4,3246.63,299.48,811.66,9.22,Repeat Customer,0,0.0,0.0,,Stable,75,High Risk,Churned,1,0,Targeted retention offer,70.81,61,Next 50
AG-10270,Alejandro Grove,Consumer,East,Pennsylvania,Philadelphia,2017-12-30,2014-05-13,2017-03-27,278,121.0,2.3,5,2582.9,732.74,516.58,28.37,Repeat Customer,0,0.0,0.0,,Stable,75,High Risk,Churned,1,0,Targeted retention offer,70.7,62,Next 50
KB-16585,Ken Black,Corporate,West,Washington,Seattle,2017-12-30,2014-04-04,2017-05-14,230,77.0,2.99,12,2744.74,579.36,228.73,21.11,Loyal Customer,0,0.0,0.0,,Stable,75,High Risk,Churned,1,0,Targeted retention offer,70.66,63,Next 50
TS-21655,Trudy Schmidt,Consumer,West,California,Rancho Cucamonga,2017-12-30,2015-02-06,2017-05-06,238,95.0,2.51,5,3368.09,220.92,673.62,6.56,Repeat Customer,0,0.0,0.0,,Stable,75,High Risk,Churned,1,0,Targeted retention offer,70.15,64,Next 50
BS-11665,Brian Stugart,Consumer,Central,Illinois,Chicago,2017-12-30,2014-06-23,2016-05-27,582,106.0,5.49,3,3288.11,238.74,1096.04,7.26,Repeat Customer,0,0.0,0.0,,Stable,75,High Risk,Churned,1,0,Targeted retention offer,70.02,65,Next 50
SC-20260,Scott Cohen,Corporate,East,New York,New York City,2017-12-30,2014-04-06,2017-06-26,187,104.0,1.8,8,3729.79,671.0,466.22,17.99,Loyal Customer,0,0.0,0.0,,Stable,65,High Risk,Churned,1,0,Targeted retention offer,70.01,66,Next 50
AG-10900,Arthur Gainer,Consumer,South,Virginia,Richmond,2017-12-30,2014-07-23,2017-09-25,96,87.0,1.1,10,4510.8,343.68,451.08,7.62,Loyal Customer,0,0.0,285.95,-100.0,Recently Inactive,65,High Risk,Inactive,1,1,Targeted retention offer,69.78,67,Next 50
RD-19585,Rob Dowd,Consumer,West,California,Los Angeles,2017-12-30,2014-04-02,2017-07-03,180,99.0,1.82,10,2912.89,734.52,291.29,25.22,Loyal Customer,0,0.0,255.89,-100.0,Recently Inactive,70,High Risk,Inactive,1,1,Targeted retention offer,69.75,68,Next 50
ED-13885,Emily Ducich,Home Office,Central,Texas,Houston,2017-12-30,2014-08-09,2017-08-17,135,127.0,1.06,8,3484.92,670.44,435.62,19.24,Loyal Customer,0,0.0,143.81,-100.0,Recently Inactive,65,High Risk,Inactive,1,1,Targeted retention offer,69.42,69,Next 50
NC-18340,Nat Carroll,Consumer,Central,North Dakota,Fargo,2017-12-30,2014-03-30,2017-05-20,224,108.0,2.07,5,2461.4,580.31,492.28,23.58,Repeat Customer,0,0.0,0.0,,Stable,75,High Risk,Churned,1,0,Targeted retention offer,69.02,70,Next 50
KW-16435,Katrina Willman,Consumer,East,New York,New York City,2017-12-30,2015-08-24,2017-09-25,96,127.0,0.76,5,4416.52,1756.14,883.3,39.76,Repeat Customer,0,0.0,598.82,-100.0,Recently Inactive,55,Medium Risk,Inactive,0,1,Monitor and re-engage,68.99,71,Next 50
KT-16465,Kean Takahito,Consumer,West,California,San Francisco,2017-12-30,2014-09-08,2016-12-04,391,94.0,4.16,7,3057.1,254.0,436.73,8.31,Loyal Customer,0,0.0,0.0,,Stable,75,High Risk,Churned,1,0,Targeted retention offer,68.94,72,Next 50
JG-15115,Jack Garza,Consumer,South,North Carolina,Jacksonville,2017-12-30,2014-09-21,2015-12-03,758,110.0,6.89,3,2358.68,684.19,786.23,29.01,Repeat Customer,0,0.0,0.0,,Stable,75,High Risk,Churned,1,0,Targeted retention offer,68.92,73,Next 50
DE-13255,Deanra Eno,Home Office,East,Ohio,Springfield,2017-12-30,2014-08-22,2016-01-11,719,95.0,7.57,5,2550.87,464.47,510.17,18.21,Repeat Customer,0,0.0,0.0,,Stable,75,High Risk,Churned,1,0,Targeted retention offer,68.66,74,Next 50
FH-14350,Fred Harton,Consumer,East,Ohio,Dublin,2017-12-30,2015-08-23,2017-06-01,212,75.0,2.83,4,2271.28,706.29,567.82,31.1,Repeat Customer,0,0.0,0.0,,Stable,75,High Risk,Churned,1,0,Targeted retention offer,68.55,75,Next 50
BC-11125,Becky Castell,Home Office,West,Arizona,Peoria,2017-12-30,2014-07-06,2017-06-11,202,95.0,2.13,9,2933.68,251.6,325.96,8.58,Loyal Customer,0,0.0,0.0,,Stable,75,High Risk,Churned,1,0,Targeted retention offer,68.36,76,Long Tail
FC-14335,Fred Chung,Corporate,Central,Texas,Mesquite,2017-12-30,2014-10-10,2017-06-29,184,165.0,1.12,7,3889.37,714.29,555.62,18.37,Loyal Customer,0,0.0,0.0,,Stable,60,High Risk,Churned,1,0,Targeted retention offer,68.05,77,Long Tail
KC-16255,Karen Carlisle,Corporate,South,Alabama,Huntsville,2017-12-30,2014-09-08,2016-11-18,407,134.0,3.04,6,2120.95,846.12,353.49,39.89,Loyal Customer,0,0.0,0.0,,Stable,75,High Risk,Churned,1,0,Targeted retention offer,67.96,78,Long Tail
NM-18520,Neoma Murray,Consumer,East,Connecticut,Manchester,2017-12-30,2015-09-08,2017-04-30,244,64.0,3.81,10,2161.98,788.95,216.2,36.49,Loyal Customer,0,0.0,0.0,,Stable,75,High Risk,Churned,1,0,Targeted retention offer,67.81,79,Long Tail
SJ-20125,Sanjit Jacobs,Home Office,South,Florida,Miramar,2017-12-30,2015-09-22,2017-09-26,95,48.0,1.98,12,3949.66,144.12,329.14,3.65,Loyal Customer,0,0.0,2194.96,-100.0,Recently Inactive,70,High Risk,Inactive,1,1,Targeted retention offer,67.57,80,Long Tail
SW-20455,Shaun Weien,Consumer,West,California,San Diego,2017-12-30,2015-06-22,2017-07-21,162,143.0,1.13,7,2921.54,793.65,417.36,27.17,Loyal Customer,0,0.0,299.89,-100.0,Recently Inactive,65,High Risk,Inactive,1,1,Targeted retention offer,67.4,81,Long Tail
KD-16615,Ken Dana,Corporate,West,California,Los Angeles,2017-12-30,2015-09-13,2017-03-16,289,69.0,4.19,5,2243.51,539.72,448.7,24.06,Repeat Customer,0,0.0,0.0,,Stable,75,High Risk,Churned,1,0,Targeted retention offer,67.33,82,Long Tail
DB-12970,Darren Budd,Corporate,West,California,Los Angeles,2017-12-30,2014-11-12,2017-05-03,241,104.0,2.32,5,2839.23,213.0,567.85,7.5,Repeat Customer,0,0.0,0.0,,Stable,75,High Risk,Churned,1,0,Targeted retention offer,66.94,83,Long Tail
EN-13780,Edward Nazzal,Consumer,Central,Texas,Dallas,2017-12-30,2015-05-30,2017-03-18,287,123.0,2.33,4,2199.37,496.11,549.84,22.56,Repeat Customer,0,0.0,0.0,,Stable,75,High Risk,Churned,1,0,Targeted retention offer,66.5,84,Long Tail
LB-16795,Laurel Beltran,Home Office,East,Delaware,Wilmington,2017-12-30,2014-04-23,2017-07-31,152,78.0,1.95,8,4985.68,-52.19,623.21,-1.05,Loyal Customer,0,0.0,872.5,-100.0,Recently Inactive,70,High Risk,Inactive,1,1,Targeted retention offer,66.42,85,Long Tail
TB-21280,Toby Braunhardt,Consumer,East,District of Columbia,Washington,2017-12-30,2014-06-21,2016-05-26,583,106.0,5.5,6,2198.45,490.96,366.41,22.33,Loyal Customer,0,0.0,0.0,,Stable,75,High Risk,Churned,1,0,Targeted retention offer,66.41,86,Long Tail
RD-19900,Ruben Dartt,Consumer,West,Oregon,Portland,2017-12-30,2014-04-05,2017-09-07,114,94.0,1.21,9,3133.92,455.53,348.21,14.54,Loyal Customer,0,0.0,317.62,-100.0,Recently Inactive,65,High Risk,Inactive,1,1,Targeted retention offer,66.3,87,Long Tail
CA-11965,Carol Adams,Corporate,East,Ohio,Lakewood,2017-12-30,2014-01-26,2017-09-25,96,223.0,0.43,6,3789.72,1143.38,631.62,30.17,Loyal Customer,0,0.0,24.45,-100.0,Recently Inactive,55,Medium Risk,Inactive,0,1,Monitor and re-engage,66.27,88,Long Tail
CM-12235,Chris McAfee,Consumer,East,New York,Watertown,2017-12-30,2016-05-01,2016-12-10,385,48.0,8.02,5,2305.71,365.04,461.14,15.83,Repeat Customer,0,0.0,0.0,,Stable,75,High Risk,Churned,1,0,Targeted retention offer,66.24,89,Long Tail
LD-17005,Lisa DeCherney,Consumer,Central,Michigan,Detroit,2017-12-30,2014-09-29,2016-11-11,414,194.0,2.13,4,1961.93,557.17,490.48,28.4,Repeat Customer,0,0.0,0.0,,Stable,75,High Risk,Churned,1,0,Targeted retention offer,65.63,90,Long Tail
DJ-13420,Denny Joy,Corporate,Central,Wisconsin,Milwaukee,2017-12-30,2014-12-08,2016-04-02,637,180.0,3.54,4,2012.52,483.04,503.13,24.0,Repeat Customer,0,0.0,0.0,,Stable,75,High Risk,Churned,1,0,Targeted retention offer,65.35,91,Long Tail
KC-16540,Kelly Collister,Consumer,East,Ohio,Newark,2017-12-30,2015-11-02,2017-09-24,97,260.0,0.37,4,3908.26,709.42,977.07,18.15,Repeat Customer,0,0.0,103.06,-100.0,Recently Inactive,55,Medium Risk,Inactive,0,1,Monitor and re-engage,65.3,92,Long Tail
MZ-17515,Mary Zewe,Corporate,East,New York,New York City,2017-12-30,2014-04-04,2017-03-23,282,181.0,1.56,6,2564.91,787.75,427.48,30.71,Loyal Customer,0,0.0,0.0,,Stable,65,High Risk,Churned,1,0,Targeted retention offer,65.24,93,Long Tail
JC-15775,John Castell,Consumer,East,Pennsylvania,Philadelphia,2017-12-30,2014-09-14,2017-07-25,158,105.0,1.5,9,2772.06,279.57,308.01,10.09,Loyal Customer,0,0.0,477.09,-100.0,Recently Inactive,70,High Risk,Inactive,1,1,Targeted retention offer,65.11,94,Long Tail
LL-16840,Lauren Leatherbury,Consumer,West,California,Los Angeles,2017-12-30,2014-04-29,2017-04-25,249,149.0,1.67,6,2741.2,560.01,456.87,20.43,Loyal Customer,0,0.0,0.0,,Stable,65,High Risk,Churned,1,0,Targeted retention offer,64.94,95,Long Tail
CV-12295,Christina VanderZanden,Consumer,Central,Michigan,Detroit,2017-12-30,2014-03-28,2017-04-20,254,140.0,1.81,5,2830.63,493.09,566.13,17.42,Repeat Customer,0,0.0,0.0,,Stable,65,High Risk,Churned,1,0,Targeted retention offer,64.9,96,Long Tail
EA-14035,Erin Ashbrook,Corporate,East,Pennsylvania,Philadelphia,2017-12-30,2014-09-13,2017-07-31,152,66.0,2.3,13,2846.71,-52.74,218.98,-1.85,Loyal Customer,0,0.0,54.82,-100.0,Recently Inactive,80,Critical Risk,Inactive,1,1,Immediate win-back outreach,64.84,97,Long Tail
NS-18640,Noel Staavos,Corporate,Central,Illinois,Chicago,2017-12-30,2014-06-25,2017-07-09,174,67.0,2.6,13,2964.82,-234.77,228.06,-7.92,Loyal Customer,0,0.0,67.3,-100.0,Recently Inactive,80,Critical Risk,Inactive,1,1,Immediate win-back outreach,64.67,98,Long Tail
PF-19225,Phillip Flathmann,Consumer,West,Washington,Edmonds,2017-12-30,2016-06-26,2017-09-07,114,73.0,1.56,5,2206.13,591.31,441.23,26.8,Repeat Customer,0,0.0,569.22,-100.0,Recently Inactive,70,High Risk,Inactive,1,1,Targeted retention offer,64.64,99,Long Tail
BO-11350,Bill Overfelt,Corporate,Central,Minnesota,Roseville,2017-12-30,2016-01-03,2017-08-15,137,80.0,1.71,5,2682.73,278.78,536.55,10.39,Repeat Customer,0,0.0,50.4,-100.0,Recently Inactive,70,High Risk,Inactive,1,1,Targeted retention offer,64.6,100,Long Tail
MS-17770,Maxwell Schwartz,Consumer,West,California,San Francisco,2017-12-30,2014-07-04,2017-08-31,121,96.0,1.26,9,3144.68,280.86,349.41,8.93,Loyal Customer,0,0.0,193.95,-100.0,Recently Inactive,65,High Risk,Inactive,1,1,Targeted retention offer,64.43,101,Long Tail
TB-21055,Ted Butterfield,Consumer,East,Connecticut,Meriden,2017-12-30,2016-06-17,2017-09-02,119,39.0,3.05,5,1467.88,390.21,293.58,26.58,Repeat Customer,0,0.0,254.16,-100.0,Recently Inactive,80,Critical Risk,Inactive,1,1,Immediate win-back outreach,64.11,102,Long Tail
CD-12790,Cynthia Delaney,Home Office,East,Connecticut,Shelton,2017-12-30,2014-02-02,2016-11-26,399,110.0,3.63,5,1860.73,403.84,372.15,21.7,Repeat Customer,0,0.0,0.0,,Stable,75,High Risk,Churned,1,0,Targeted retention offer,63.84,103,Long Tail
GM-14695,Greg Maxwell,Corporate,West,California,Los Angeles,2017-12-30,2014-04-05,2017-09-04,117,187.0,0.63,3,6049.97,188.72,2016.66,3.12,Repeat Customer,0,0.0,1322.35,-100.0,Recently Inactive,55,Medium Risk,Inactive,0,1,Monitor and re-engage,63.83,104,Long Tail
JA-15970,Joseph Airdo,Consumer,East,New York,Mount Vernon,2017-12-30,2014-09-17,2017-09-29,92,72.0,1.28,8,6491.03,-819.42,811.38,-12.62,Loyal Customer,0,0.0,4985.79,-100.0,Recently Inactive,65,High Risk,Inactive,1,1,Targeted retention offer,63.78,105,Long Tail
SC-20020,Sam Craven,Consumer,East,Pennsylvania,Philadelphia,2017-12-30,2014-03-03,2015-11-10,781,58.0,13.47,5,3362.96,-317.05,672.59,-9.43,Repeat Customer,0,0.0,0.0,,Stable,75,High Risk,Churned,1,0,Targeted retention offer,63.72,106,Long Tail
BT-11395,Bill Tyler,Corporate,West,California,Los Angeles,2017-12-30,2014-10-28,2017-03-03,302,143.0,2.11,6,2186.61,257.92,364.44,11.8,Loyal Customer,0,0.0,0.0,,Stable,75,High Risk,Churned,1,0,Targeted retention offer,63.63,107,Long Tail
RR-19525,Rick Reed,Corporate,Central,Kansas,Overland Park,2017-12-30,2014-09-09,2017-07-13,170,173.0,0.98,6,3302.26,721.68,550.38,21.85,Loyal Customer,0,0.0,373.94,-100.0,Recently Inactive,55,Medium Risk,Inactive,0,1,Monitor and re-engage,63.58,108,Long Tail
TS-21160,Theresa Swint,Corporate,Central,Wisconsin,West Allis,2017-12-30,2014-04-23,2016-08-13,504,79.0,6.38,6,2163.62,260.87,360.6,12.06,Loyal Customer,0,0.0,0.0,,Stable,75,High Risk,Churned,1,0,Targeted retention offer,63.46,109,Long Tail
DB-13405,Denny Blanton,Consumer,Central,Indiana,La Porte,2017-12-30,2015-08-08,2017-06-26,187,79.0,2.37,4,1711.69,438.91,427.92,25.64,Repeat Customer,0,0.0,0.0,,Stable,75,High Risk,Churned,1,0,Targeted retention offer,63.31,110,Long Tail
EH-14125,Eugene Hildebrand,Home Office,South,Florida,Fort Lauderdale,2017-12-30,2014-10-19,2017-07-31,152,90.0,1.69,10,3082.65,96.27,308.27,3.12,Loyal Customer,0,0.0,41.42,-100.0,Recently Inactive,70,High Risk,Inactive,1,1,Targeted retention offer,63.15,111,Long Tail
BD-11605,Brian Dahlen,Consumer,South,Florida,Miami,2017-12-30,2014-01-13,2017-09-24,97,107.0,0.91,7,3288.47,634.85,469.78,19.31,Loyal Customer,0,0.0,253.82,-100.0,Recently Inactive,55,Medium Risk,Inactive,0,1,Monitor and re-engage,63.07,112,Long Tail
NH-18610,Nicole Hansen,Corporate,West,California,Pomona,2017-12-30,2014-03-02,2017-06-24,189,182.0,1.04,7,2673.29,760.17,381.9,28.44,Loyal Customer,0,0.0,0.0,,Stable,60,High Risk,Churned,1,0,Targeted retention offer,63.06,113,Long Tail
DR-12940,Daniel Raglin,Home Office,South,Florida,Hollywood,2017-12-30,2014-03-28,2017-11-10,50,165.0,0.3,8,8350.87,2869.08,1043.86,34.36,Loyal Customer,1,11.52,477.51,-97.59,Sharp Decline,35,Low Risk,Watch,0,1,Light-touch nurture,62.94,114,Long Tail
BT-11305,Beth Thompson,Home Office,West,California,Costa Mesa,2017-12-30,2014-04-25,2017-01-28,336,189.0,1.78,5,2567.66,417.59,513.53,16.26,Repeat Customer,0,0.0,0.0,,Stable,65,High Risk,Churned,1,0,Targeted retention offer,62.86,115,Long Tail
CP-12340,Christine Phan,Corporate,East,New York,New York City,2017-12-30,2014-03-17,2017-07-23,160,131.0,1.22,8,5888.28,-1850.3,736.03,-31.42,Loyal Customer,0,0.0,13.13,-100.0,Recently Inactive,65,High Risk,Inactive,1,1,Targeted retention offer,62.7,116,Long Tail
MP-17965,Michael Paige,Corporate,East,Massachusetts,Lawrence,2017-12-30,2015-04-18,2017-10-19,72,72.0,1.0,9,3983.64,638.16,442.63,16.02,Loyal Customer,1,89.26,252.0,-64.58,Sharp Decline,50,Medium Risk,At Risk,0,1,Monitor and re-engage,62.61,117,Long Tail
LH-17155,Logan Haushalter,Consumer,West,California,San Francisco,2017-12-30,2014-12-12,2016-12-10,385,61.0,6.31,9,1739.69,316.52,193.3,18.19,Loyal Customer,0,0.0,0.0,,Stable,75,High Risk,Churned,1,0,Targeted retention offer,62.27,118,Long Tail
CA-12775,Cynthia Arntzen,Consumer,Central,Michigan,Detroit,2017-12-30,2014-06-28,2017-09-01,120,109.0,1.1,7,3041.57,204.49,434.51,6.72,Loyal Customer,0,0.0,498.26,-100.0,Recently Inactive,65,High Risk,Inactive,1,1,Targeted retention offer,62.23,119,Long Tail
SP-20650,Stephanie Phelps,Corporate,West,California,Stockton,2017-12-30,2014-04-16,2016-12-09,386,104.0,3.71,9,1872.44,268.48,208.05,14.34,Loyal Customer,0,0.0,0.0,,Stable,75,High Risk,Churned,1,0,Targeted retention offer,62.13,120,Long Tail
JC-15385,Jenna Caffey,Consumer,West,Washington,Kent,2017-12-30,2017-07-08,2017-07-08,175,90.0,1.94,1,1058.11,502.92,1058.11,47.53,One-Time Customer,0,0.0,1058.11,-100.0,Recently Inactive,80,Critical Risk,Inactive,1,1,Immediate win-back outreach,61.82,121,Long Tail
FM-14380,Fred McMath,Consumer,South,North Carolina,Jacksonville,2017-12-30,2015-07-12,2017-08-07,145,87.0,1.67,9,2523.27,191.49,280.36,7.59,Loyal Customer,0,0.0,79.99,-100.0,Recently Inactive,70,High Risk,Inactive,1,1,Targeted retention offer,61.78,122,Long Tail
KT-16480,Kean Thornton,Consumer,South,Georgia,Columbus,2017-12-30,2014-03-10,2017-09-21,100,161.0,0.62,10,4642.09,194.07,464.21,4.18,Loyal Customer,0,0.0,106.4,-100.0,Recently Inactive,55,Medium Risk,Inactive,0,1,Monitor and re-engage,61.76,123,Long Tail
RH-19600,Rob Haberlin,Consumer,South,Alabama,Huntsville,2017-12-30,2015-07-02,2016-07-14,534,57.0,9.37,3,2085.74,172.63,695.25,8.28,Repeat Customer,0,0.0,0.0,,Stable,75,High Risk,Churned,1,0,Targeted retention offer,61.36,124,Long Tail
RD-19660,Robert Dilbeck,Home Office,Central,Missouri,Independence,2017-12-30,2015-04-12,2017-09-07,114,330.0,0.35,5,2786.63,835.77,557.33,29.99,Repeat Customer,0,0.0,1577.94,-100.0,Recently Inactive,55,Medium Risk,Inactive,0,1,Monitor and re-engage,61.21,125,Long Tail
TB-21520,Tracy Blumstein,Consumer,Central,Michigan,Jackson,2017-12-30,2014-10-17,2017-09-14,107,84.0,1.27,9,4737.49,-1603.05,526.39,-33.84,Loyal Customer,0,0.0,92.56,-100.0,Recently Inactive,65,High Risk,Inactive,1,1,Targeted retention offer,60.98,126,Long Tail
TM-21010,Tamara Manning,Consumer,Central,Nebraska,Grand Island,2017-12-30,2014-02-21,2017-09-18,103,109.0,0.94,8,2955.23,573.3,369.4,19.4,Loyal Customer,0,0.0,15.96,-100.0,Recently Inactive,55,Medium Risk,Inactive,0,1,Monitor and re-engage,60.89,127,Long Tail
BV-11245,Benjamin Venier,Corporate,Central,Iowa,Des Moines,2017-12-30,2015-03-26,2017-01-30,334,78.0,4.28,5,1523.27,315.22,304.65,20.69,Repeat Customer,0,0.0,0.0,,Stable,75,High Risk,Churned,1,0,Targeted retention offer,60.77,128,Long Tail
SG-20605,Speros Goranitis,Consumer,South,North Carolina,Asheville,2017-12-30,2014-01-23,2017-09-13,108,166.0,0.65,6,3124.83,463.27,520.81,14.83,Loyal Customer,0,0.0,15.92,-100.0,Recently Inactive,55,Medium Risk,Inactive,0,1,Monitor and re-engage,60.74,129,Long Tail
GT-14710,Greg Tran,Consumer,Central,Texas,Houston,2017-12-30,2014-05-23,2017-11-24,36,69.0,0.52,11,11820.12,2163.43,1074.56,18.3,Loyal Customer,1,10.82,87.52,-87.64,Sharp Decline,30,Low Risk,Watch,0,1,Light-touch nurture,60.71,130,Long Tail
JF-15355,Jay Fein,Consumer,Central,Texas,Austin,2017-12-30,2015-10-23,2017-09-16,105,69.0,1.52,6,1911.84,330.2,318.64,17.27,Loyal Customer,0,0.0,163.51,-100.0,Recently Inactive,70,High Risk,Inactive,1,1,Targeted retention offer,60.69,131,Long Tail
FA-14230,Frank Atkinson,Corporate,West,California,Los Angeles,2017-12-30,2014-09-19,2017-09-24,97,103.0,0.94,7,2984.05,520.52,426.29,17.44,Loyal Customer,0,0.0,1365.48,-100.0,Recently Inactive,55,Medium Risk,Inactive,0,1,Monitor and re-engage,60.59,132,Long Tail
CC-12100,Chad Cunningham,Home Office,Central,Indiana,Columbus,2017-12-30,2014-12-16,2016-09-29,457,82.0,5.57,6,1770.95,208.59,295.16,11.78,Loyal Customer,0,0.0,0.0,,Stable,75,High Risk,Churned,1,0,Targeted retention offer,60.51,133,Long Tail
TB-21250,Tim Brockman,Consumer,Central,Texas,Austin,2017-12-30,2014-12-08,2017-01-15,349,64.0,5.45,7,1602.38,260.62,228.91,16.26,Loyal Customer,0,0.0,0.0,,Stable,75,High Risk,Churned,1,0,Targeted retention offer,60.43,134,Long Tail
AA-10315,Alex Avila,Consumer,Central,Minnesota,Minneapolis,2017-12-30,2014-03-31,2017-06-29,184,178.0,1.03,5,5563.56,-362.88,1112.71,-6.52,Repeat Customer,0,0.0,0.0,,Stable,60,High Risk,Churned,1,0,Targeted retention offer,60.39,135,Long Tail
JK-16120,Julie Kriz,Home Office,Central,Texas,Garland,2017-12-30,2014-11-02,2017-09-04,117,97.0,1.21,10,2932.48,122.66,293.25,4.18,Loyal Customer,0,0.0,30.38,-100.0,Recently Inactive,65,High Risk,Inactive,1,1,Targeted retention offer,60.32,136,Long Tail
MS-17710,Maurice Satty,Consumer,West,Arizona,Mesa,2017-12-30,2014-03-24,2016-11-12,413,103.0,4.01,6,1613.4,247.43,268.9,15.34,Loyal Customer,0,0.0,0.0,,Stable,75,High Risk,Churned,1,0,Targeted retention offer,60.32,136,Long Tail
TP-21565,Tracy Poddar,Corporate,West,Colorado,Aurora,2017-12-30,2015-03-01,2017-01-14,350,114.0,3.07,4,1936.64,139.23,484.16,7.19,Repeat Customer,0,0.0,0.0,,Stable,75,High Risk,Churned,1,0,Targeted retention offer,60.07,137,Long Tail
CA-12055,Cathy Armstrong,Home Office,East,Ohio,Cleveland,2017-12-30,2015-09-05,2016-11-24,401,74.0,5.42,5,1679.72,211.26,335.94,12.58,Repeat Customer,0,0.0,0.0,,Stable,75,High Risk,Churned,1,0,Targeted retention offer,59.9,138,Long Tail
MD-17350,Maribeth Dona,Consumer,East,Ohio,Akron,2017-12-30,2014-11-05,2017-09-04,117,97.0,1.21,7,3766.38,-241.95,538.05,-6.42,Loyal Customer,0,0.0,49.7,-100.0,Recently Inactive,65,High Risk,Inactive,1,1,Targeted retention offer,59.56,139,Long Tail
JK-15730,Joe Kamberova,Consumer,Central,Texas,Houston,2017-12-30,2014-11-18,2017-10-07,84,83.0,1.01,10,4867.2,55.05,486.72,1.13,Loyal Customer,1,4.24,336.97,-98.74,Sharp Decline,55,Medium Risk,At Risk,0,1,Monitor and re-engage,59.51,140,Long Tail
GR-14560,Georgia Rosenberg,Corporate,West,California,San Francisco,2017-12-30,2014-11-19,2014-11-21,1135,30.0,37.83,2,1284.38,359.83,642.19,28.02,Repeat Customer,0,0.0,0.0,,Stable,75,High Risk,Churned,1,0,Targeted retention offer,59.43,141,Long Tail
IM-15055,Ionia McGrath,Consumer,West,California,Roseville,2017-12-30,2014-01-23,2016-11-16,409,514.0,0.8,3,2872.63,975.77,957.54,33.97,Repeat Customer,0,0.0,0.0,,Stable,50,Medium Risk,Churned,1,0,Monitor and re-engage,59.3,142,Long Tail
GZ-14545,George Zrebassa,Corporate,West,California,Los Angeles,2017-12-30,2014-09-28,2017-07-26,157,387.0,0.41,4,2454.62,828.66,613.66,33.76,Repeat Customer,0,0.0,2012.3,-100.0,Recently Inactive,55,Medium Risk,Inactive,0,1,Monitor and re-engage,59.08,143,Long Tail
AG-10675,Anna Gayman,Consumer,South,Georgia,Columbus,2017-12-30,2015-05-07,2017-09-24,97,93.0,1.04,7,3489.04,-246.43,498.43,-7.06,Loyal Customer,0,0.0,153.7,-100.0,Recently Inactive,65,High Risk,Inactive,1,1,Targeted retention offer,58.85,144,Long Tail
BE-11455,Brad Eason,Home Office,East,Ohio,Cleveland,2017-12-30,2015-08-02,2017-04-20,254,78.0,3.26,6,1727.65,139.2,287.94,8.06,Loyal Customer,0,0.0,0.0,,Stable,75,High Risk,Churned,1,0,Targeted retention offer,58.77,145,Long Tail
RW-19690,Robert Waldorf,Consumer,West,California,Los Angeles,2017-12-30,2016-05-30,2017-10-12,79,54.0,1.46,5,3495.65,707.55,699.13,20.24,Repeat Customer,1,441.72,808.92,-45.39,Declining,45,Medium Risk,At Risk,0,1,Monitor and re-engage,58.68,146,Long Tail
CH-12070,Cathy Hwang,Home Office,South,North Carolina,Raleigh,2017-12-30,2015-06-25,2016-02-08,691,114.0,6.06,3,1537.24,195.15,512.41,12.69,Repeat Customer,0,0.0,0.0,,Stable,75,High Risk,Churned,1,0,Targeted retention offer,58.61,147,Long Tail
DB-13555,Dorothy Badders,Corporate,South,North Carolina,Raleigh,2017-12-30,2014-04-21,2017-09-14,107,143.0,0.75,7,3908.8,109.33,558.4,2.8,Loyal Customer,0,0.0,1026.23,-100.0,Recently Inactive,55,Medium Risk,Inactive,0,1,Monitor and re-engage,58.4,148,Long Tail
DF-13135,David Flashing,Consumer,Central,Illinois,Rockford,2017-12-30,2014-10-04,2016-01-30,700,145.0,4.83,3,2390.53,-259.31,796.84,-10.85,Repeat Customer,0,0.0,0.0,,Stable,75,High Risk,Churned,1,0,Targeted retention offer,58.37,149,Long Tail
AA-10480,Andrew Allen,Consumer,South,North Carolina,Concord,2017-12-30,2014-05-04,2017-04-15,259,147.0,1.76,4,1790.51,435.83,447.63,24.34,Repeat Customer,0,0.0,0.0,,Stable,65,High Risk,Churned,1,0,Targeted retention offer,58.2,150,Long Tail
DN-13690,Duane Noonan,Consumer,Central,Oklahoma,Tulsa,2017-12-30,2014-09-20,2017-05-27,217,147.0,1.48,7,2139.79,540.54,305.68,25.26,Loyal Customer,0,0.0,0.0,,Stable,60,High Risk,Churned,1,0,Targeted retention offer,58.06,151,Long Tail
BT-11530,Bradley Talbott,Home Office,West,California,Los Angeles,2017-12-30,2014-05-21,2017-09-30,91,205.0,0.44,5,2684.49,409.5,536.9,15.25,Repeat Customer,0,0.0,159.98,-100.0,Recently Inactive,55,Medium Risk,Inactive,0,1,Monitor and re-engage,58.0,152,Long Tail
LS-16945,Linda Southworth,Corporate,Central,Texas,Dallas,2017-12-30,2015-04-25,2017-07-05,178,93.0,1.91,6,2845.27,-318.77,474.21,-11.2,Loyal Customer,0,0.0,396.39,-100.0,Recently Inactive,70,High Risk,Inactive,1,1,Targeted retention offer,57.96,153,Long Tail
PF-19165,Philip Fox,Consumer,West,Washington,Olympia,2017-12-30,2014-09-20,2017-06-17,196,167.0,1.17,6,2770.0,196.87,461.67,7.11,Loyal Customer,0,0.0,0.0,,Stable,60,High Risk,Churned,1,0,Targeted retention offer,57.89,154,Long Tail
BE-11410,Bobby Elias,Consumer,South,Florida,Miami,2017-12-30,2016-02-07,2017-09-23,98,223.0,0.44,5,2261.44,755.92,452.29,33.43,Repeat Customer,0,0.0,251.64,-100.0,Recently Inactive,55,Medium Risk,Inactive,0,1,Monitor and re-engage,57.81,155,Long Tail
MC-18130,Mike Caudle,Corporate,West,California,Los Angeles,2017-12-30,2014-09-19,2016-12-26,369,124.0,2.98,5,1582.0,121.76,316.4,7.7,Repeat Customer,0,0.0,0.0,,Stable,75,High Risk,Churned,1,0,Targeted retention offer,57.65,156,Long Tail
MA-17995,Michelle Arnett,Home Office,East,New York,Watertown,2017-12-30,2014-09-20,2017-06-27,186,138.0,1.35,6,2453.28,280.78,408.88,11.45,Loyal Customer,0,0.0,0.0,,Stable,60,High Risk,Churned,1,0,Targeted retention offer,57.61,157,Long Tail
CK-12325,Christine Kargatis,Home Office,West,Washington,Seattle,2017-12-30,2014-03-14,2017-09-01,120,173.0,0.69,5,2945.32,261.22,589.06,8.87,Repeat Customer,0,0.0,7.58,-100.0,Recently Inactive,55,Medium Risk,Inactive,0,1,Monitor and re-engage,57.58,158,Long Tail
MC-17605,Matt Connell,Corporate,West,California,Los Angeles,2017-12-30,2014-03-19,2017-09-09,112,112.0,1.0,8,2258.19,195.45,282.27,8.66,Loyal Customer,0,0.0,159.96,-100.0,Recently Inactive,65,High Risk,Inactive,1,1,Targeted retention offer,57.56,159,Long Tail
DM-13525,Don Miller,Corporate,Central,Texas,Houston,2017-12-30,2014-07-05,2016-09-05,481,132.0,3.64,3,1376.79,199.77,458.93,14.51,Repeat Customer,0,0.0,0.0,,Stable,75,High Risk,Churned,1,0,Targeted retention offer,57.44,160,Long Tail
JW-16075,Julia West,Consumer,West,California,San Francisco,2017-12-30,2015-03-21,2016-09-25,461,138.0,3.34,4,1428.73,154.06,357.18,10.78,Repeat Customer,0,0.0,0.0,,Stable,75,High Risk,Churned,1,0,Targeted retention offer,57.12,161,Long Tail
CT-11995,Carol Triggs,Consumer,Central,Minnesota,Rochester,2017-12-30,2014-05-07,2017-09-25,96,109.0,0.88,8,3241.9,161.23,405.24,4.97,Loyal Customer,0,0.0,278.23,-100.0,Recently Inactive,55,Medium Risk,Inactive,0,1,Monitor and re-engage,57.09,162,Long Tail
TB-21355,Todd Boyes,Corporate,Central,Texas,Cedar Hill,2017-12-30,2016-01-25,2017-08-06,146,70.0,2.09,5,834.33,268.97,166.87,32.24,Repeat Customer,0,0.0,115.3,-100.0,Recently Inactive,80,Critical Risk,Inactive,1,1,Immediate win-back outreach,57.07,163,Long Tail
Co-12640,Corey-Lock,Consumer,South,South Carolina,Florence,2017-12-30,2014-06-20,2016-06-29,549,159.0,3.45,5,1300.08,205.63,260.02,15.82,Repeat Customer,0,0.0,0.0,,Stable,75,High Risk,Churned,1,0,Targeted retention offer,56.99,164,Long Tail
EJ-13720,Ed Jacobs,Consumer,West,California,Los Angeles,2017-12-30,2014-01-27,2017-03-03,302,242.0,1.25,4,2162.17,387.02,540.54,17.9,Repeat Customer,0,0.0,0.0,,Stable,60,High Risk,Churned,1,0,Targeted retention offer,56.85,165,Long Tail
ND-18460,Neil Ducich,Corporate,East,New York,Mount Vernon,2017-12-30,2014-02-06,2017-06-30,183,266.0,0.69,6,2893.46,443.34,482.24,15.32,Loyal Customer,0,0.0,0.0,,Stable,50,Medium Risk,Churned,1,0,Monitor and re-engage,56.74,166,Long Tail
BD-11320,Bill Donatelli,Consumer,West,California,Los Angeles,2017-12-30,2015-05-31,2017-11-27,33,76.0,0.43,12,5718.52,1094.5,476.54,19.14,Loyal Customer,1,136.33,291.96,-53.31,Sharp Decline,30,Low Risk,Watch,0,1,Light-touch nurture,56.58,167,Long Tail
TP-21415,Tom Prescott,Consumer,West,Washington,Seattle,2017-12-30,2015-11-28,2017-09-17,104,110.0,0.95,5,5329.0,-1087.39,1065.8,-20.41,Repeat Customer,0,0.0,4429.13,-100.0,Recently Inactive,55,Medium Risk,Inactive,0,1,Monitor and re-engage,56.58,167,Long Tail
RD-19480,Rick Duston,Consumer,Central,Texas,Houston,2017-12-30,2014-06-08,2017-10-19,72,132.0,0.55,8,4272.93,480.59,534.12,11.25,Loyal Customer,1,16.68,959.2,-98.26,Sharp Decline,40,Medium Risk,At Risk,0,1,Monitor and re-engage,56.58,167,Long Tail
EB-14110,Eugene Barchas,Consumer,East,Pennsylvania,Philadelphia,2017-12-30,2015-04-13,2017-09-08,113,132.0,0.86,6,3071.13,184.77,511.85,6.02,Loyal Customer,0,0.0,258.53,-100.0,Recently Inactive,55,Medium Risk,Inactive,0,1,Monitor and re-engage,56.52,168,Long Tail
Dp-13240,Dean percer,Home Office,South,North Carolina,Charlotte,2017-12-30,2014-05-26,2017-10-07,84,66.0,1.27,11,7198.76,333.36,654.43,4.63,Loyal Customer,2,3464.88,420.99,723.03,Growing,35,Low Risk,At Risk,0,0,Light-touch nurture,56.51,169,Long Tail
CC-12145,Charles Crestani,Consumer,Central,Texas,Houston,2017-12-30,2014-07-20,2017-09-15,106,173.0,0.61,7,2471.65,392.28,353.09,15.87,Loyal Customer,0,0.0,31.74,-100.0,Recently Inactive,55,Medium Risk,Inactive,0,1,Monitor and re-engage,56.49,170,Long Tail
EB-13870,Emily Burns,Consumer,East,Pennsylvania,Philadelphia,2017-12-30,2014-05-05,2017-09-21,100,185.0,0.54,10,2767.22,261.53,276.72,9.45,Loyal Customer,0,0.0,1.91,-100.0,Recently Inactive,55,Medium Risk,Inactive,0,1,Monitor and re-engage,56.47,171,Long Tail
TC-21145,Theresa Coyne,Corporate,East,New Jersey,Lakewood,2017-12-30,2017-09-15,2017-09-15,106,90.0,1.18,1,1038.26,265.53,1038.26,25.57,One-Time Customer,0,0.0,1038.26,-100.0,Recently Inactive,75,High Risk,Inactive,1,1,Targeted retention offer,56.06,172,Long Tail
KB-16315,Karl Braun,Consumer,West,California,Los Angeles,2017-12-30,2014-08-26,2017-03-09,296,66.0,4.48,9,1569.46,49.72,174.38,3.17,Loyal Customer,0,0.0,0.0,,Stable,75,High Risk,Churned,1,0,Targeted retention offer,56.02,173,Long Tail
TA-21385,Tom Ashbrook,Home Office,East,New York,New York City,2017-12-30,2014-09-12,2017-10-22,69,189.0,0.37,4,14595.62,4703.79,3648.91,32.23,Repeat Customer,1,13716.46,0.0,,New or Reactivated,20,Low Risk,At Risk,0,0,Light-touch nurture,55.79,174,Long Tail
DR-12880,Dan Reichenbach,Corporate,East,Ohio,Newark,2017-12-30,2015-09-25,2017-12-27,3,54.0,0.06,9,6528.03,1641.86,725.34,25.15,Loyal Customer,1,177.64,2971.79,-94.02,Sharp Decline,25,Low Risk,Active,0,1,Light-touch nurture,55.72,175,Long Tail
RM-19375,Raymond Messe,Consumer,East,Vermont,Burlington,2017-12-30,2014-05-11,2017-01-19,345,185.0,1.86,6,1453.47,392.15,242.25,26.98,Loyal Customer,0,0.0,0.0,,Stable,65,High Risk,Churned,1,0,Targeted retention offer,55.61,176,Long Tail
CP-12085,Cathy Prescott,Corporate,East,Ohio,Lakewood,2017-12-30,2014-12-04,2017-10-09,82,120.0,0.68,8,5402.25,427.03,675.28,7.9,Loyal Customer,1,45.89,78.04,-41.2,Declining,35,Low Risk,At Risk,0,1,Light-touch nurture,55.57,177,Long Tail
SH-20635,Stefanie Holloman,Corporate,South,Tennessee,Jackson,2017-12-30,2014-12-16,2015-11-26,765,518.0,1.48,2,2096.39,260.63,1048.2,12.43,Repeat Customer,0,0.0,0.0,,Stable,60,High Risk,Churned,1,0,Targeted retention offer,54.89,178,Long Tail
SM-20905,Susan MacKendrick,Consumer,East,Ohio,Newark,2017-12-30,2016-05-03,2016-05-03,606,90.0,6.73,1,1043.04,-237.29,1043.04,-22.75,One-Time Customer,0,0.0,0.0,,Stable,85,Critical Risk,Churned,1,0,Immediate win-back outreach,54.81,179,Long Tail
ON-18715,Odella Nelson,Corporate,South,North Carolina,Burlington,2017-12-30,2014-09-13,2016-11-15,410,85.0,4.82,9,1567.52,-5.89,174.17,-0.38,Loyal Customer,0,0.0,0.0,,Stable,75,High Risk,Churned,1,0,Targeted retention offer,54.79,180,Long Tail
NP-18685,Nora Pelletier,Home Office,East,New York,Niagara Falls,2017-12-30,2014-03-07,2016-11-19,406,247.0,1.64,6,1228.7,514.5,204.78,41.87,Loyal Customer,0,0.0,0.0,,Stable,65,High Risk,Churned,1,0,Targeted retention offer,54.72,181,Long Tail
AR-10825,Anthony Rawles,Corporate,East,Ohio,Columbus,2017-12-30,2014-06-30,2017-11-02,58,153.0,0.38,8,4523.34,494.84,565.42,10.94,Loyal Customer,1,384.59,1990.76,-80.68,Sharp Decline,35,Low Risk,Watch,0,1,Light-touch nurture,54.7,182,Long Tail
KN-16705,Kristina Nunn,Home Office,West,Colorado,Fort Collins,2017-12-30,2014-03-02,2017-09-23,98,139.0,0.71,8,2280.58,329.76,285.07,14.46,Loyal Customer,0,0.0,1292.51,-100.0,Recently Inactive,55,Medium Risk,Inactive,0,1,Monitor and re-engage,54.69,183,Long Tail
SP-20860,Sung Pak,Corporate,Central,Texas,Dallas,2017-12-30,2014-12-15,2017-10-12,79,67.0,1.18,10,4282.94,566.72,428.29,13.23,Loyal Customer,1,39.98,10.37,285.54,Growing,35,Low Risk,At Risk,0,0,Light-touch nurture,54.62,184,Long Tail
PJ-19015,Pauline Johnson,Consumer,East,Ohio,Columbus,2017-12-30,2014-04-07,2017-08-18,134,205.0,0.65,7,1824.23,683.0,260.6,37.44,Loyal Customer,0,0.0,9.91,-100.0,Recently Inactive,55,Medium Risk,Inactive,0,1,Monitor and re-engage,54.61,185,Long Tail
VT-21700,Valerie Takahito,Home Office,East,Pennsylvania,Philadelphia,2017-12-30,2014-06-06,2015-04-05,1000,57.0,17.54,2,1736.6,-224.09,868.3,-12.9,Repeat Customer,0,0.0,0.0,,Stable,75,High Risk,Churned,1,0,Targeted retention offer,54.6,186,Long Tail
FC-14245,Frank Carlisle,Home Office,East,Ohio,Lakewood,2017-12-30,2015-06-13,2017-10-21,70,99.0,0.71,7,3418.74,1217.17,488.39,35.6,Loyal Customer,1,171.85,220.06,-21.91,Declining,35,Low Risk,At Risk,0,1,Light-touch nurture,54.57,187,Long Tail
TM-21490,Tony Molinari,Consumer,West,California,San Francisco,2017-12-30,2017-03-30,2017-08-22,130,72.0,1.81,3,1094.68,292.52,364.89,26.72,Repeat Customer,0,0.0,768.82,-100.0,Recently Inactive,70,High Risk,Inactive,1,1,Targeted retention offer,54.54,188,Long Tail
PK-19075,Pete Kriz,Consumer,South,South Carolina,Columbia,2017-12-30,2014-11-11,2017-12-21,9,71.0,0.13,12,8646.93,2038.27,720.58,23.57,Loyal Customer,2,124.82,5829.26,-97.86,Sharp Decline,20,Low Risk,Active,0,1,Light-touch nurture,54.45,189,Long Tail
SC-20050,Sample Company A,Home Office,South,Kentucky,Henderson,2017-12-30,2014-03-18,2017-11-20,40,144.0,0.28,9,4624.57,1011.74,513.84,21.88,Loyal Customer,1,27.58,379.18,-92.73,Sharp Decline,30,Low Risk,Watch,0,1,Light-touch nurture,54.43,190,Long Tail
MA-17560,Matt Abelman,Home Office,Central,Illinois,Chicago,2017-12-30,2014-08-08,2017-10-27,64,53.0,1.21,11,4299.16,1240.23,390.83,28.85,Loyal Customer,3,109.24,0.0,,New or Reactivated,30,Low Risk,At Risk,0,0,Light-touch nurture,54.31,191,Long Tail
RS-19420,Ricardo Sperren,Corporate,East,Connecticut,Fairfield,2017-12-30,2014-08-05,2017-10-15,76,219.0,0.35,5,3221.29,633.45,644.26,19.66,Repeat Customer,1,13.05,1065.84,-98.78,Sharp Decline,40,Medium Risk,At Risk,0,1,Monitor and re-engage,54.25,192,Long Tail
GM-14680,Greg Matthias,Consumer,East,Pennsylvania,Philadelphia,2017-12-30,2014-05-10,2017-07-31,152,177.0,0.86,6,3163.63,35.49,527.27,1.12,Loyal Customer,0,0.0,285.58,-100.0,Recently Inactive,55,Medium Risk,Inactive,0,1,Monitor and re-engage,54.25,192,Long Tail
ES-14020,Erica Smith,Consumer,South,Tennessee,Jackson,2017-12-30,2014-09-20,2017-11-20,40,248.0,0.16,5,3510.46,1003.29,702.09,28.58,Repeat Customer,1,209.57,2911.78,-92.8,Sharp Decline,35,Low Risk,Watch,0,1,Light-touch nurture,54.24,193,Long Tail
NR-18550,Nick Radford,Consumer,South,Florida,Pembroke Pines,2017-12-30,2014-06-07,2017-06-03,210,137.0,1.53,5,2367.28,-25.15,473.46,-1.06,Repeat Customer,0,0.0,0.0,,Stable,65,High Risk,Churned,1,0,Targeted retention offer,53.97,194,Long Tail
TT-21220,Thomas Thornton,Consumer,West,California,Los Angeles,2017-12-30,2014-09-23,2017-06-30,183,108.0,1.69,8,1427.04,278.74,178.38,19.53,Loyal Customer,0,0.0,0.0,,Stable,65,High Risk,Churned,1,0,Targeted retention offer,53.97,194,Long Tail
BS-11800,Bryan Spruell,Home Office,East,New York,New York City,2017-12-30,2015-09-26,2017-04-09,265,120.0,2.21,2,949.43,194.05,474.72,20.44,Repeat Customer,0,0.0,0.0,,Stable,75,High Risk,Churned,1,0,Targeted retention offer,53.83,195,Long Tail
JE-15475,Jeremy Ellison,Consumer,East,New York,New Rochelle,2017-12-30,2015-03-16,2017-06-20,193,103.0,1.87,6,1388.68,276.22,231.45,19.89,Loyal Customer,0,0.0,0.0,,Stable,65,High Risk,Churned,1,0,Targeted retention offer,53.59,196,Long Tail
TG-21640,Trudy Glocke,Consumer,Central,Missouri,Saint Charles,2017-12-30,2014-03-31,2017-09-07,114,209.0,0.55,4,2074.66,365.72,518.67,17.63,Repeat Customer,0,0.0,248.82,-100.0,Recently Inactive,55,Medium Risk,Inactive,0,1,Monitor and re-engage,53.57,197,Long Tail
NF-18595,Nicole Fjeld,Home Office,Central,Illinois,Chicago,2017-12-30,2014-04-19,2017-09-07,114,169.0,0.67,7,2031.47,388.21,290.21,19.11,Loyal Customer,0,0.0,396.11,-100.0,Recently Inactive,55,Medium Risk,Inactive,0,1,Monitor and re-engage,53.55,198,Long Tail
SC-20695,Steve Chapman,Corporate,Central,Texas,Houston,2017-12-30,2014-12-16,2017-10-02,89,118.0,0.75,10,2576.41,611.83,257.64,23.75,Loyal Customer,1,37.21,177.2,-79.0,Sharp Decline,45,Medium Risk,At Risk,0,1,Monitor and re-engage,53.5,199,Long Tail
TH-21100,Thea Hendricks,Consumer,West,California,Los Angeles,2017-12-30,2014-09-27,2017-01-20,344,212.0,1.62,5,2422.82,-135.21,484.56,-5.58,Repeat Customer,0,0.0,0.0,,Stable,65,High Risk,Churned,1,0,Targeted retention offer,53.45,200,Long Tail
CL-12700,Craig Leslie,Home Office,South,Kentucky,Florence,2017-12-30,2016-04-24,2017-09-16,105,109.0,0.96,5,2353.59,229.01,470.72,9.73,Repeat Customer,0,0.0,18.0,-100.0,Recently Inactive,55,Medium Risk,Inactive,0,1,Monitor and re-engage,53.4,201,Long Tail
DH-13675,Duane Huffman,Home Office,South,Virginia,Harrisonburg,2017-12-30,2014-08-12,2015-11-15,776,69.0,11.25,4,1043.1,116.67,260.77,11.18,Repeat Customer,0,0.0,0.0,,Stable,75,High Risk,Churned,1,0,Targeted retention offer,53.28,202,Long Tail
YS-21880,Yana Sorensen,Corporate,West,California,Oakland,2017-12-30,2015-01-12,2017-12-21,9,146.0,0.06,8,6720.44,1778.29,840.06,26.46,Loyal Customer,1,1000.02,3869.04,-74.15,Sharp Decline,20,Low Risk,Active,0,1,Light-touch nurture,53.16,203,Long Tail
RA-19885,Ruben Ausman,Corporate,South,Georgia,Athens,2017-12-30,2014-04-08,2017-11-17,43,141.0,0.3,7,3832.31,1292.87,547.47,33.74,Loyal Customer,2,446.08,1065.22,-58.12,Sharp Decline,30,Low Risk,Watch,0,1,Light-touch nurture,53.14,204,Long Tail
AG-10525,Andy Gerbode,Corporate,East,New York,New York City,2017-12-30,2014-08-09,2015-09-07,845,74.0,11.42,4,1455.04,-152.76,363.76,-10.5,Repeat Customer,0,0.0,0.0,,Stable,75,High Risk,Churned,1,0,Targeted retention offer,52.92,205,Long Tail
BW-11200,Ben Wallace,Consumer,West,California,Los Angeles,2017-12-30,2014-08-12,2017-06-10,203,172.0,1.18,6,1738.41,247.0,289.73,14.21,Loyal Customer,0,0.0,0.0,,Stable,60,High Risk,Churned,1,0,Targeted retention offer,52.88,206,Long Tail
JH-16180,Justin Hirsh,Consumer,West,Oregon,Gresham,2017-12-30,2015-05-25,2016-11-21,404,205.0,1.97,4,2256.39,-96.95,564.1,-4.3,Repeat Customer,0,0.0,0.0,,Stable,65,High Risk,Churned,1,0,Targeted retention offer,52.72,207,Long Tail
MH-17785,Maya Herman,Corporate,Central,Texas,Lubbock,2017-12-30,2014-05-27,2017-09-23,98,182.0,0.54,7,2203.78,238.56,314.83,10.83,Loyal Customer,0,0.0,9.25,-100.0,Recently Inactive,55,Medium Risk,Inactive,0,1,Monitor and re-engage,52.53,208,Long Tail
CS-12130,Chad Sievert,Consumer,West,Colorado,Englewood,2017-12-30,2014-08-05,2016-08-28,489,189.0,2.59,4,884.64,143.83,221.16,16.26,Repeat Customer,0,0.0,0.0,,Stable,75,High Risk,Churned,1,0,Targeted retention offer,52.37,209,Long Tail
SM-20320,Sean Miller,Home Office,South,North Carolina,Monroe,2017-12-30,2014-03-18,2017-10-12,79,140.0,0.56,5,25043.05,-1980.74,5008.61,-7.91,Repeat Customer,1,7.97,526.45,-98.49,Sharp Decline,40,Medium Risk,At Risk,0,1,Monitor and re-engage,52.15,210,Long Tail
ME-17320,Maria Etezadi,Home Office,Central,Michigan,Saginaw,2017-12-30,2014-01-06,2017-11-18,42,101.0,0.42,10,10663.73,1859.47,1066.37,17.44,Loyal Customer,3,270.51,0.0,,New or Reactivated,15,Healthy,Watch,0,0,Maintain relationship,52.08,211,Long Tail
JJ-15445,Jennifer Jackson,Consumer,Central,Wisconsin,Waukesha,2017-12-30,2015-03-05,2016-09-03,483,164.0,2.95,5,709.18,200.56,141.84,28.28,Repeat Customer,0,0.0,0.0,,Stable,75,High Risk,Churned,1,0,Targeted retention offer,51.99,212,Long Tail
SP-20545,Sibella Parks,Corporate,East,New York,New York City,2017-12-30,2014-10-13,2017-02-06,327,141.0,2.32,6,1306.09,-118.78,217.68,-9.09,Loyal Customer,0,0.0,0.0,,Stable,75,High Risk,Churned,1,0,Targeted retention offer,51.96,213,Long Tail
KH-16630,Ken Heidel,Corporate,West,Washington,Seattle,2017-12-30,2014-11-01,2017-11-02,58,103.0,0.56,9,3918.97,727.38,435.44,18.56,Loyal Customer,2,30.52,248.45,-87.72,Sharp Decline,30,Low Risk,Watch,0,1,Light-touch nurture,51.82,214,Long Tail
PS-18760,Pamela Stobb,Consumer,East,Pennsylvania,Philadelphia,2017-12-30,2014-06-15,2017-09-14,107,89.0,1.2,6,2181.48,-134.44,363.58,-6.16,Loyal Customer,0,0.0,517.26,-100.0,Recently Inactive,65,High Risk,Inactive,1,1,Targeted retention offer,51.81,215,Long Tail
JE-15745,Joel Eaton,Consumer,West,California,Oceanside,2017-12-30,2014-06-22,2017-11-09,51,84.0,0.61,13,6760.82,221.8,520.06,3.28,Loyal Customer,1,47.12,726.91,-93.52,Sharp Decline,30,Low Risk,Watch,0,1,Light-touch nurture,51.7,216,Long Tail
JM-15535,Jessica Myrick,Consumer,East,New York,New York City,2017-12-30,2014-09-13,2017-09-19,102,184.0,0.55,7,1733.44,356.54,247.63,20.57,Loyal Customer,0,0.0,40.76,-100.0,Recently Inactive,55,Medium Risk,Inactive,0,1,Monitor and re-engage,51.62,217,Long Tail
RC-19825,Roy Collins,Consumer,West,Colorado,Colorado Springs,2017-12-30,2014-12-05,2016-12-26,369,125.0,2.95,6,966.41,63.99,161.07,6.62,Loyal Customer,0,0.0,0.0,,Stable,75,High Risk,Churned,1,0,Targeted retention offer,51.58,218,Long Tail
JF-15190,Jamie Frazer,Consumer,East,Pennsylvania,Philadelphia,2017-12-30,2014-11-15,2017-10-26,65,90.0,0.72,7,2279.59,575.13,325.66,25.23,Loyal Customer,1,166.69,847.46,-80.33,Sharp Decline,45,Medium Risk,At Risk,0,1,Monitor and re-engage,51.4,219,Long Tail
SS-20515,Shirley Schmidt,Home Office,Central,Wisconsin,Franklin,2017-12-30,2014-07-14,2016-08-26,491,232.0,2.12,3,613.4,199.93,204.47,32.59,Repeat Customer,0,0.0,0.0,,Stable,75,High Risk,Churned,1,0,Targeted retention offer,51.37,220,Long Tail
RP-19270,Rachel Payne,Corporate,West,Washington,Seattle,2017-12-30,2014-10-19,2016-08-21,496,92.0,5.39,4,954.65,59.54,238.66,6.24,Repeat Customer,0,0.0,0.0,,Stable,75,High Risk,Churned,1,0,Targeted retention offer,51.35,221,Long Tail
ZD-21925,Zuschuss Donatelli,Consumer,West,California,Los Angeles,2017-12-30,2014-08-27,2017-06-11,202,191.0,1.06,5,1493.94,249.13,298.79,16.68,Repeat Customer,0,0.0,0.0,,Stable,60,High Risk,Churned,1,0,Targeted retention offer,51.31,222,Long Tail
MG-17695,Maureen Gnade,Consumer,East,New York,Buffalo,2017-12-30,2014-12-26,2016-06-23,555,136.0,4.08,3,1342.28,-398.79,447.43,-29.71,Repeat Customer,0,0.0,0.0,,Stable,75,High Risk,Churned,1,0,Targeted retention offer,51.18,223,Long Tail
AH-10465,Amy Hunt,Consumer,East,New York,New York City,2017-12-30,2015-01-03,2017-05-14,230,185.0,1.24,5,2495.39,-196.12,499.08,-7.86,Repeat Customer,0,0.0,0.0,,Stable,60,High Risk,Churned,1,0,Targeted retention offer,51.03,224,Long Tail
NF-18385,Natalie Fritzler,Consumer,East,West Virginia,Wheeling,2017-12-30,2014-02-11,2017-10-12,79,155.0,0.51,7,8322.83,-1695.97,1188.98,-20.38,Loyal Customer,1,673.34,1108.75,-39.27,Declining,40,Medium Risk,At Risk,0,1,Monitor and re-engage,51.02,225,Long Tail
JP-16135,Julie Prescott,Home Office,South,Georgia,Columbus,2017-12-30,2014-09-23,2017-09-19,102,137.0,0.74,9,1707.71,309.71,189.75,18.14,Loyal Customer,0,0.0,35.4,-100.0,Recently Inactive,55,Medium Risk,Inactive,0,1,Monitor and re-engage,50.89,226,Long Tail
AR-10570,Anemone Ratner,Consumer,South,Georgia,Columbus,2017-12-30,2016-07-14,2016-07-14,534,90.0,5.93,1,88.15,32.63,88.15,37.02,One-Time Customer,0,0.0,0.0,,Stable,85,Critical Risk,Churned,1,0,Immediate win-back outreach,50.84,227,Long Tail
AO-10810,Anthony O'Donnell,Corporate,West,California,Los Angeles,2017-12-30,2016-08-16,2016-08-16,501,90.0,5.57,1,161.28,12.1,161.28,7.5,One-Time Customer,0,0.0,0.0,,Stable,85,Critical Risk,Churned,1,0,Immediate win-back outreach,50.82,228,Long Tail
RM-19750,Roland Murray,Consumer,East,New York,New York City,2017-12-30,2017-03-06,2017-03-06,299,90.0,3.32,1,98.35,28.69,98.35,29.17,One-Time Customer,0,0.0,0.0,,Stable,85,Critical Risk,Churned,1,0,Immediate win-back outreach,50.82,228,Long Tail
DK-12895,Dana Kaydos,Consumer,South,Florida,Miramar,2017-12-30,2015-03-08,2017-11-15,45,105.0,0.43,5,4282.18,937.65,856.44,21.9,Repeat Customer,1,559.2,1062.35,-47.36,Declining,25,Low Risk,Watch,0,1,Light-touch nurture,50.77,229,Long Tail
DP-13165,David Philippe,Consumer,Central,Illinois,Chicago,2017-12-30,2014-12-02,2015-10-10,812,156.0,5.21,2,1058.62,-40.94,529.31,-3.87,Repeat Customer,0,0.0,0.0,,Stable,75,High Risk,Churned,1,0,Targeted retention offer,50.67,230,Long Tail
BD-11770,Bryan Davis,Consumer,East,New York,New York City,2017-12-30,2016-03-10,2017-02-06,327,56.0,5.84,6,658.47,141.27,109.74,21.45,Loyal Customer,0,0.0,0.0,,Stable,75,High Risk,Churned,1,0,Targeted retention offer,50.59,231,Long Tail
BM-11785,Bryan Mills,Consumer,South,Virginia,Harrisonburg,2017-12-30,2014-06-06,2017-05-26,218,125.0,1.74,10,1338.84,137.74,133.88,10.29,Loyal Customer,0,0.0,0.0,,Stable,65,High Risk,Churned,1,0,Targeted retention offer,50.54,232,Long Tail
ER-13855,Elpida Rittenbach,Corporate,South,North Carolina,Charlotte,2017-12-30,2015-12-21,2016-11-04,421,120.0,3.51,3,1245.79,-295.74,415.26,-23.74,Repeat Customer,0,0.0,0.0,,Stable,75,High Risk,Churned,1,0,Targeted retention offer,50.5,233,Long Tail
JG-15805,John Grady,Corporate,East,New York,Auburn,2017-12-30,2014-04-05,2017-05-21,223,214.0,1.04,6,1507.02,206.1,251.17,13.68,Loyal Customer,0,0.0,0.0,,Stable,60,High Risk,Churned,1,0,Targeted retention offer,50.46,234,Long Tail
DP-13000,Darren Powers,Consumer,Central,Illinois,Chicago,2017-12-30,2014-01-03,2017-08-26,126,125.0,1.01,9,1050.64,241.45,116.74,22.98,Loyal Customer,0,0.0,64.96,-100.0,Recently Inactive,65,High Risk,Inactive,1,1,Targeted retention offer,50.3,235,Long Tail
AB-10105,Adrian Barton,Consumer,South,Kentucky,Henderson,2017-12-30,2014-12-20,2017-11-19,41,84.0,0.49,10,14473.57,5444.81,1447.36,37.62,Loyal Customer,1,843.84,632.12,33.49,Growing,10,Healthy,Watch,0,0,Maintain relationship,50.27,236,Long Tail
SS-20410,Shahid Shariari,Consumer,South,Kentucky,Georgetown,2017-12-30,2014-05-30,2017-09-11,110,164.0,0.67,6,3056.81,-1010.97,509.47,-33.07,Loyal Customer,0,0.0,212.66,-100.0,Recently Inactive,55,Medium Risk,Inactive,0,1,Monitor and re-engage,50.24,237,Long Tail
JO-15280,Jas O'Carroll,Consumer,South,Tennessee,Memphis,2017-12-30,2014-03-31,2017-09-29,92,192.0,0.48,6,1934.27,202.14,322.38,10.45,Loyal Customer,0,0.0,243.92,-100.0,Recently Inactive,55,Medium Risk,Inactive,0,1,Monitor and re-engage,50.24,237,Long Tail
HL-15040,Hunter Lopez,Consumer,East,Delaware,Newark,2017-12-30,2014-01-20,2017-11-17,43,210.0,0.2,6,12873.3,5622.43,2145.55,43.68,Loyal Customer,2,10522.55,0.0,,New or Reactivated,10,Healthy,Watch,0,0,Maintain relationship,50.18,238,Long Tail
BD-11725,Bruce Degenhardt,Consumer,West,California,Los Angeles,2017-12-30,2015-07-03,2017-09-28,93,136.0,0.68,6,1526.5,333.98,254.42,21.88,Loyal Customer,0,0.0,184.95,-100.0,Recently Inactive,55,Medium Risk,Inactive,0,1,Monitor and re-engage,50.13,239,Long Tail
RE-19405,Ricardo Emerson,Consumer,East,Ohio,Kent,2017-12-30,2014-12-29,2014-12-29,1097,90.0,12.19,1,48.36,6.05,48.36,12.5,One-Time Customer,0,0.0,0.0,,Stable,85,Critical Risk,Churned,1,0,Immediate win-back outreach,50.1,240,Long Tail
SW-20755,Steven Ward,Corporate,East,New York,New York City,2017-12-30,2014-11-02,2016-07-14,534,133.0,4.02,2,758.7,68.24,379.35,8.99,Repeat Customer,0,0.0,0.0,,Stable,75,High Risk,Churned,1,0,Targeted retention offer,49.93,241,Long Tail
CJ-11875,Carl Jackson,Corporate,East,Pennsylvania,Philadelphia,2017-12-30,2016-12-30,2016-12-30,365,90.0,4.06,1,16.52,1.65,16.52,10.0,One-Time Customer,0,0.0,0.0,,Stable,85,Critical Risk,Churned,1,0,Immediate win-back outreach,49.89,242,Long Tail
CC-12370,Christopher Conant,Consumer,East,New York,New York City,2017-12-30,2016-05-23,2017-11-17,43,81.0,0.53,5,12129.07,2177.05,2425.81,17.95,Repeat Customer,2,227.89,0.0,,New or Reactivated,10,Healthy,Watch,0,0,Maintain relationship,49.84,243,Long Tail
TS-21370,Todd Sumrall,Corporate,East,New York,New York City,2017-12-30,2014-10-28,2017-11-24,36,120.0,0.3,6,11891.75,2371.71,1981.96,19.94,Loyal Customer,2,6492.31,0.0,,New or Reactivated,10,Healthy,Watch,0,0,Maintain relationship,49.84,243,Long Tail
PC-19000,Pauline Chand,Home Office,West,California,Los Angeles,2017-12-30,2014-04-08,2015-08-01,882,360.0,2.45,2,1061.49,-184.34,530.74,-17.37,Repeat Customer,0,0.0,0.0,,Stable,75,High Risk,Churned,1,0,Targeted retention offer,49.84,243,Long Tail
MK-18160,Mike Kennedy,Consumer,South,Virginia,Newport News,2017-12-30,2014-12-19,2017-05-04,240,130.0,1.85,4,1031.6,227.83,257.9,22.09,Repeat Customer,0,0.0,0.0,,Stable,65,High Risk,Churned,1,0,Targeted retention offer,49.84,243,Long Tail
LD-16855,Lela Donovan,Corporate,Central,Illinois,Chicago,2017-12-30,2016-06-26,2016-06-26,552,90.0,6.13,1,5.3,0.46,5.3,8.75,One-Time Customer,0,0.0,0.0,,Stable,85,Critical Risk,Churned,1,0,Immediate win-back outreach,49.81,244,Long Tail
MG-18205,Mitch Gastineau,Corporate,South,Florida,Jacksonville,2017-12-30,2017-04-10,2017-04-10,264,90.0,2.93,1,16.74,-1.25,16.74,-7.44,One-Time Customer,0,0.0,0.0,,Stable,85,Critical Risk,Churned,1,0,Immediate win-back outreach,49.8,245,Long Tail
DL-12865,Dan Lawera,Consumer,South,Florida,Miami,2017-12-30,2014-06-29,2017-09-21,100,136.0,0.74,8,1503.11,322.24,187.89,21.44,Loyal Customer,0,0.0,12.29,-100.0,Recently Inactive,55,Medium Risk,Inactive,0,1,Monitor and re-engage,49.75,246,Long Tail
MH-17290,Marc Harrigan,Home Office,West,California,Los Angeles,2017-12-30,2014-04-26,2017-09-02,119,153.0,0.78,6,2394.03,28.76,399.0,1.2,Loyal Customer,0,0.0,702.52,-100.0,Recently Inactive,55,Medium Risk,Inactive,0,1,Monitor and re-engage,49.73,247,Long Tail
BF-11020,Barry Französisch,Corporate,West,California,Modesto,2017-12-30,2014-02-15,2017-10-17,74,101.0,0.73,8,2888.51,302.02,361.06,10.46,Loyal Customer,1,52.79,686.59,-92.31,Sharp Decline,40,Medium Risk,At Risk,0,1,Monitor and re-engage,49.65,248,Long Tail
RF-19735,Roland Fjeld,Consumer,Central,Michigan,Trenton,2017-12-30,2014-08-06,2017-10-02,89,133.0,0.67,7,2341.3,711.62,334.47,30.39,Loyal Customer,1,275.65,935.74,-70.54,Sharp Decline,40,Medium Risk,At Risk,0,1,Monitor and re-engage,49.65,248,Long Tail
CG-12520,Claire Gute,Consumer,Central,Texas,Houston,2017-12-30,2015-10-15,2017-01-26,338,176.0,1.92,3,1148.78,169.93,382.93,14.79,Repeat Customer,0,0.0,0.0,,Stable,65,High Risk,Churned,1,0,Targeted retention offer,49.62,249,Long Tail
AB-10255,Alejandro Ballentine,Home Office,West,California,Los Angeles,2017-12-30,2014-07-22,2017-07-17,166,126.0,1.32,9,914.53,264.57,101.61,28.93,Loyal Customer,0,0.0,479.98,-100.0,Recently Inactive,65,High Risk,Inactive,1,1,Targeted retention offer,49.52,250,Long Tail
CB-12025,Cassandra Brandow,Consumer,South,Alabama,Decatur,2017-12-30,2014-03-21,2017-11-13,47,80.0,0.59,10,6076.14,150.21,607.61,2.47,Loyal Customer,1,239.92,556.55,-56.89,Sharp Decline,30,Low Risk,Watch,0,1,Light-touch nurture,49.49,251,Long Tail
CM-12385,Christopher Martinez,Consumer,Central,Illinois,Chicago,2017-12-30,2015-03-16,2017-11-23,37,164.0,0.23,4,8954.02,3899.89,2238.51,43.55,Repeat Customer,1,240.37,0.0,,New or Reactivated,10,Healthy,Watch,0,0,Maintain relationship,49.44,252,Long Tail
JR-15670,Jim Radford,Consumer,East,Connecticut,Middletown,2017-12-30,2015-12-24,2016-05-16,593,108.0,5.49,2,1156.66,-785.16,578.33,-67.88,Repeat Customer,0,0.0,0.0,,Stable,75,High Risk,Churned,1,0,Targeted retention offer,49.35,253,Long Tail
CS-12490,Cindy Schnelling,Corporate,Central,Texas,Conroe,2017-12-30,2015-01-12,2016-11-01,424,124.0,3.42,4,1077.23,-302.88,269.31,-28.12,Repeat Customer,0,0.0,0.0,,Stable,75,High Risk,Churned,1,0,Targeted retention offer,49.35,253,Long Tail
TC-21475,Tony Chapman,Home Office,East,Ohio,Lakewood,2017-12-30,2014-11-22,2017-07-30,153,147.0,1.04,9,1244.98,119.1,138.33,9.57,Loyal Customer,0,0.0,76.78,-100.0,Recently Inactive,65,High Risk,Inactive,1,1,Targeted retention offer,49.33,254,Long Tail
TW-21025,Tamara Willingham,Home Office,West,Arizona,Mesa,2017-12-30,2014-12-22,2017-10-27,64,142.0,0.45,7,5278.83,737.39,754.12,13.97,Loyal Customer,1,44.78,6.48,591.05,Growing,20,Low Risk,At Risk,0,0,Light-touch nurture,49.3,255,Long Tail
MG-17680,Maureen Gastineau,Home Office,East,Ohio,Mentor,2017-12-30,2014-10-22,2017-09-29,92,179.0,0.51,4,2350.19,25.89,587.55,1.1,Repeat Customer,0,0.0,693.13,-100.0,Recently Inactive,55,Medium Risk,Inactive,0,1,Monitor and re-engage,49.26,256,Long Tail
JO-15550,Jesus Ocampo,Home Office,Central,Nebraska,Omaha,2017-12-30,2015-03-19,2017-05-29,215,120.0,1.79,5,1090.84,167.67,218.17,15.37,Repeat Customer,0,0.0,0.0,,Stable,65,High Risk,Churned,1,0,Targeted retention offer,49.26,256,Long Tail
SS-20590,Sonia Sunley,Consumer,West,California,San Francisco,2017-12-30,2014-08-05,2016-10-24,432,152.0,2.84,6,418.49,135.54,69.75,32.39,Loyal Customer,0,0.0,0.0,,Stable,75,High Risk,Churned,1,0,Targeted retention offer,49.23,257,Long Tail
BT-11485,Brad Thomas,Home Office,East,Pennsylvania,Philadelphia,2017-12-30,2015-12-27,2016-03-11,659,56.0,11.77,2,415.2,126.87,207.6,30.56,Repeat Customer,0,0.0,0.0,,Stable,75,High Risk,Churned,1,0,Targeted retention offer,49.14,258,Long Tail
JK-15205,Jamie Kunitz,Consumer,West,California,San Francisco,2017-12-30,2014-07-11,2017-10-30,61,151.0,0.4,5,4427.14,1219.98,885.43,27.56,Repeat Customer,1,1993.77,0.0,,New or Reactivated,20,Low Risk,At Risk,0,0,Light-touch nurture,49.1,259,Long Tail
DS-13030,Darrin Sayre,Home Office,West,Colorado,Aurora,2017-12-30,2014-07-09,2017-09-28,93,98.0,0.95,4,1762.21,193.33,440.55,10.97,Repeat Customer,0,0.0,535.26,-100.0,Recently Inactive,55,Medium Risk,Inactive,0,1,Monitor and re-engage,49.05,260,Long Tail
SM-20950,Suzanne McNair,Corporate,East,New York,New York City,2017-12-30,2014-09-29,2017-12-05,25,83.0,0.3,12,5563.39,581.57,463.62,10.45,Loyal Customer,1,334.52,735.98,-54.55,Sharp Decline,20,Low Risk,Active,0,1,Light-touch nurture,49.02,261,Long Tail
EM-13810,Eleni McCrary,Corporate,East,Massachusetts,Franklin,2017-12-30,2015-06-07,2017-08-20,132,201.0,0.66,5,2567.01,-133.83,513.4,-5.21,Repeat Customer,0,0.0,40.29,-100.0,Recently Inactive,55,Medium Risk,Inactive,0,1,Monitor and re-engage,49.01,262,Long Tail
SF-20965,Sylvia Foulston,Corporate,East,Ohio,Columbus,2017-12-30,2014-10-21,2017-11-12,48,105.0,0.46,9,3336.54,539.94,370.73,16.18,Loyal Customer,1,29.39,207.95,-85.87,Sharp Decline,30,Low Risk,Watch,0,1,Light-touch nurture,49.0,263,Long Tail
EH-13945,Eric Hoffmann,Consumer,South,Tennessee,Memphis,2017-12-30,2014-07-02,2017-05-27,217,99.0,2.19,8,684.17,53.54,85.52,7.83,Loyal Customer,0,0.0,0.0,,Stable,75,High Risk,Churned,1,0,Targeted retention offer,48.95,264,Long Tail
CM-11815,Candace McMahon,Corporate,West,Washington,Seattle,2017-12-30,2014-11-14,2017-08-21,131,168.0,0.78,6,1673.89,214.46,278.98,12.81,Loyal Customer,0,0.0,994.46,-100.0,Recently Inactive,55,Medium Risk,Inactive,0,1,Monitor and re-engage,48.92,265,Long Tail
GM-14500,Gene McClure,Consumer,West,Washington,Seattle,2017-12-30,2014-08-09,2017-09-15,106,142.0,0.75,10,1255.68,441.32,125.57,35.15,Loyal Customer,0,0.0,375.94,-100.0,Recently Inactive,55,Medium Risk,Inactive,0,1,Monitor and re-engage,48.9,266,Long Tail
DB-13360,Dennis Bolton,Home Office,East,Connecticut,Waterbury,2017-12-30,2014-11-19,2017-04-10,264,262.0,1.01,5,1081.47,291.01,216.29,26.91,Repeat Customer,0,0.0,0.0,,Stable,60,High Risk,Churned,1,0,Targeted retention offer,48.87,267,Long Tail
KW-16570,Kelly Williams,Consumer,West,California,San Francisco,2017-12-30,2014-09-30,2015-11-20,771,156.0,4.94,4,449.1,107.93,112.27,24.03,Repeat Customer,0,0.0,0.0,,Stable,75,High Risk,Churned,1,0,Targeted retention offer,48.87,267,Long Tail
PB-19150,Philip Brown,Consumer,West,Washington,Seattle,2017-12-30,2014-07-14,2017-09-24,97,175.0,0.55,8,1456.95,280.66,182.12,19.26,Loyal Customer,0,0.0,199.8,-100.0,Recently Inactive,55,Medium Risk,Inactive,0,1,Monitor and re-engage,48.83,268,Long Tail
SN-20560,Skye Norling,Home Office,Central,Illinois,Chicago,2017-12-30,2015-06-18,2017-09-10,111,87.0,1.28,6,1860.42,-716.86,310.07,-38.53,Loyal Customer,0,0.0,762.59,-100.0,Recently Inactive,65,High Risk,Inactive,1,1,Targeted retention offer,48.78,269,Long Tail
JD-16150,Justin Deggeller,Corporate,East,New York,New York City,2017-12-30,2014-11-16,2017-11-19,41,103.0,0.4,8,8828.03,1619.52,1103.5,18.35,Loyal Customer,1,2521.48,0.0,,New or Reactivated,10,Healthy,Watch,0,0,Maintain relationship,48.76,270,Long Tail
JL-15235,Janet Lee,Consumer,West,California,Los Angeles,2017-12-30,2014-05-25,2017-09-02,119,199.0,0.6,5,2203.7,54.52,440.74,2.47,Repeat Customer,0,0.0,255.25,-100.0,Recently Inactive,55,Medium Risk,Inactive,0,1,Monitor and re-engage,48.75,271,Long Tail
RK-19300,Ralph Kennedy,Consumer,East,Pennsylvania,Philadelphia,2017-12-30,2015-07-20,2017-09-02,119,166.0,0.72,3,1460.19,269.69,486.73,18.47,Repeat Customer,0,0.0,12.19,-100.0,Recently Inactive,55,Medium Risk,Inactive,0,1,Monitor and re-engage,48.67,272,Long Tail
AB-10060,Adam Bellavance,Home Office,West,Washington,Seattle,2017-12-30,2015-09-18,2017-11-06,54,69.0,0.78,8,7755.62,2054.59,969.45,26.49,Loyal Customer,2,2835.54,20.74,13571.84,Growing,10,Healthy,Watch,0,0,Maintain relationship,48.53,273,Long Tail
JW-15220,Jane Waco,Corporate,East,Ohio,Lakewood,2017-12-30,2015-04-30,2017-11-18,42,108.0,0.39,6,7721.71,2173.71,1286.95,28.15,Loyal Customer,4,5384.55,0.0,,New or Reactivated,10,Healthy,Watch,0,0,Maintain relationship,48.53,273,Long Tail
GZ-14470,Gary Zandusky,Consumer,West,California,San Francisco,2017-12-30,2014-08-05,2017-12-23,7,143.0,0.05,9,4355.15,1087.75,483.91,24.98,Loyal Customer,1,13.48,514.05,-97.38,Sharp Decline,20,Low Risk,Active,0,1,Light-touch nurture,48.49,274,Long Tail
MS-17530,MaryBeth Skach,Consumer,West,Washington,Seattle,2017-12-30,2014-11-04,2016-10-22,434,180.0,2.41,4,475.66,84.03,118.91,17.67,Repeat Customer,0,0.0,0.0,,Stable,75,High Risk,Churned,1,0,Targeted retention offer,48.46,275,Long Tail
JL-15505,Jeremy Lonsdale,Consumer,Central,South Dakota,Aberdeen,2017-12-30,2014-11-14,2017-11-11,49,102.0,0.48,6,3173.87,591.72,528.98,18.64,Loyal Customer,1,25.5,2563.31,-99.01,Sharp Decline,30,Low Risk,Watch,0,1,Light-touch nurture,48.37,276,Long Tail
BM-11650,Brian Moss,Corporate,Central,Wisconsin,Milwaukee,2017-12-30,2014-07-09,2017-11-27,33,66.0,0.5,11,7294.19,2199.28,663.11,30.15,Loyal Customer,3,3206.27,0.0,,New or Reactivated,10,Healthy,Watch,0,0,Maintain relationship,48.31,277,Long Tail
RH-19555,Ritsa Hightower,Consumer,South,North Carolina,Charlotte,2017-12-30,2015-12-04,2016-07-29,519,179.0,2.9,2,740.38,0.31,370.19,0.04,Repeat Customer,0,0.0,0.0,,Stable,75,High Risk,Churned,1,0,Targeted retention offer,48.31,277,Long Tail
JE-15715,Joe Elijah,Consumer,West,California,Los Angeles,2017-12-30,2014-08-25,2017-11-14,46,84.0,0.55,10,8697.84,1262.29,869.78,14.51,Loyal Customer,1,34.24,25.7,33.23,Growing,10,Healthy,Watch,0,0,Maintain relationship,48.25,278,Long Tail
SC-20680,Steve Carroll,Home Office,South,Georgia,Columbus,2017-12-30,2014-11-21,2017-08-26,126,216.0,0.58,6,1254.64,370.16,209.11,29.5,Loyal Customer,0,0.0,71.98,-100.0,Recently Inactive,55,Medium Risk,Inactive,0,1,Monitor and re-engage,48.2,279,Long Tail
JE-15610,Jim Epp,Corporate,West,California,Los Angeles,2017-12-30,2014-10-14,2017-11-12,48,89.0,0.54,7,7754.98,1623.4,1107.85,20.93,Loyal Customer,2,537.41,438.01,22.69,Growing,10,Healthy,Watch,0,0,Maintain relationship,48.17,280,Long Tail
MO-17800,Meg O'Connel,Home Office,South,Georgia,Roswell,2017-12-30,2015-09-17,2017-09-17,104,110.0,0.95,8,1687.03,169.34,210.88,10.04,Loyal Customer,0,0.0,865.8,-100.0,Recently Inactive,55,Medium Risk,Inactive,0,1,Monitor and re-engage,48.11,281,Long Tail
RE-19450,Richard Eichhorn,Consumer,Central,Texas,Dallas,2017-12-30,2014-06-03,2017-03-03,302,188.0,1.61,5,876.7,209.23,175.34,23.87,Repeat Customer,0,0.0,0.0,,Stable,65,High Risk,Churned,1,0,Targeted retention offer,48.03,282,Long Tail
KL-16645,Ken Lonsdale,Consumer,West,California,Dublin,2017-12-30,2014-07-25,2017-11-13,47,65.0,0.72,12,14175.23,806.86,1181.27,5.69,Loyal Customer,1,22.0,0.0,,New or Reactivated,10,Healthy,Watch,0,0,Maintain relationship,48.0,283,Long Tail
MF-17665,Maureen Fritzler,Corporate,South,Florida,Miami,2017-12-30,2014-12-30,2016-11-04,421,145.0,2.9,5,937.04,-341.53,187.41,-36.45,Repeat Customer,0,0.0,0.0,,Stable,75,High Risk,Churned,1,0,Targeted retention offer,47.93,284,Long Tail
CL-11890,Carl Ludwig,Consumer,East,Massachusetts,Everett,2017-12-30,2014-07-26,2017-09-15,106,287.0,0.37,4,1262.01,328.08,315.5,26.0,Repeat Customer,0,0.0,1081.69,-100.0,Recently Inactive,55,Medium Risk,Inactive,0,1,Monitor and re-engage,47.8,285,Long Tail
JB-15925,Joni Blumstein,Consumer,East,Ohio,Dublin,2017-12-30,2014-12-05,2015-12-24,737,82.0,8.99,3,900.55,-286.98,300.18,-31.87,Repeat Customer,0,0.0,0.0,,Stable,75,High Risk,Churned,1,0,Targeted retention offer,47.79,286,Long Tail
SA-20830,Sue Ann Reed,Consumer,East,Massachusetts,Everett,2017-12-30,2014-02-22,2017-10-28,63,101.0,0.62,10,4767.34,610.15,476.73,12.8,Loyal Customer,1,21.93,0.0,,New or Reactivated,20,Low Risk,At Risk,0,0,Light-touch nurture,47.75,287,Long Tail
TS-21430,Tom Stivers,Corporate,West,California,San Diego,2017-12-30,2014-07-30,2017-07-11,172,269.0,0.64,5,2054.14,48.7,410.83,2.37,Repeat Customer,0,0.0,101.75,-100.0,Recently Inactive,55,Medium Risk,Inactive,0,1,Monitor and re-engage,47.73,288,Long Tail
SG-20470,Sheri Gordon,Consumer,East,New York,New York City,2017-12-30,2014-07-26,2017-06-30,183,123.0,1.49,8,1884.8,-119.01,235.6,-6.31,Loyal Customer,0,0.0,0.0,,Stable,60,High Risk,Churned,1,0,Targeted retention offer,47.66,289,Long Tail
AZ-10750,Annie Zypern,Consumer,Central,Illinois,Wheeling,2017-12-30,2014-03-17,2017-07-23,160,167.0,0.96,6,1622.02,154.95,270.34,9.55,Loyal Customer,0,0.0,121.54,-100.0,Recently Inactive,55,Medium Risk,Inactive,0,1,Monitor and re-engage,47.48,290,Long Tail
LM-17065,Liz MacKendrick,Consumer,East,New York,Auburn,2017-12-30,2014-06-27,2016-12-04,391,223.0,1.75,5,1346.77,-44.88,269.35,-3.33,Repeat Customer,0,0.0,0.0,,Stable,65,High Risk,Churned,1,0,Targeted retention offer,47.36,291,Long Tail
JM-16195,Justin MacKendrick,Consumer,South,North Carolina,Wilmington,2017-12-30,2014-04-30,2017-11-03,57,107.0,0.53,10,2833.93,754.11,283.39,26.61,Loyal Customer,1,16.27,749.58,-97.83,Sharp Decline,30,Low Risk,Watch,0,1,Light-touch nurture,47.33,292,Long Tail
DM-13015,Darrin Martin,Consumer,East,Pennsylvania,Philadelphia,2017-12-30,2014-09-14,2017-11-03,57,90.0,0.63,7,6345.1,1677.39,906.44,26.44,Loyal Customer,2,849.47,656.64,29.37,Growing,10,Healthy,Watch,0,0,Maintain relationship,47.27,293,Long Tail
CM-12445,Chuck Magee,Consumer,Central,Texas,Houston,2017-12-30,2014-06-09,2016-10-20,436,162.0,2.69,3,287.99,64.43,96.0,22.37,Repeat Customer,0,0.0,0.0,,Stable,75,High Risk,Churned,1,0,Targeted retention offer,47.17,294,Long Tail
EB-13840,Ellis Ballard,Corporate,West,Washington,Seattle,2017-12-30,2014-05-30,2017-10-01,90,261.0,0.34,5,4358.13,656.2,871.63,15.06,Repeat Customer,1,643.52,0.0,,New or Reactivated,20,Low Risk,At Risk,0,0,Light-touch nurture,47.09,295,Long Tail
LS-17230,Lycoris Saunders,Consumer,East,Delaware,Dover,2017-12-30,2014-01-06,2015-11-14,777,203.0,3.83,3,368.88,39.2,122.96,10.63,Repeat Customer,0,0.0,0.0,,Stable,75,High Risk,Churned,1,0,Targeted retention offer,47.09,295,Long Tail
AS-10225,Alan Schoenberger,Corporate,West,California,San Francisco,2017-12-30,2014-10-18,2017-12-08,22,143.0,0.15,5,4260.78,719.78,852.16,16.89,Repeat Customer,1,69.48,1782.1,-96.1,Sharp Decline,20,Low Risk,Active,0,1,Light-touch nurture,47.07,296,Long Tail
SW-20350,Sean Wendt,Home Office,East,Ohio,Cleveland,2017-12-30,2016-04-09,2017-07-21,162,140.0,1.16,3,1019.04,95.84,339.68,9.4,Repeat Customer,0,0.0,466.81,-100.0,Recently Inactive,65,High Risk,Inactive,1,1,Targeted retention offer,47.02,297,Long Tail
AR-10405,Allen Rosenblatt,Corporate,East,Massachusetts,Franklin,2017-12-30,2014-10-03,2017-08-27,125,265.0,0.47,5,2236.13,-98.76,447.23,-4.42,Repeat Customer,0,0.0,1488.42,-100.0,Recently Inactive,55,Medium Risk,Inactive,0,1,Monitor and re-engage,46.97,298,Long Tail
DO-13435,Denny Ordway,Consumer,West,Utah,Salt Lake City,2017-12-30,2014-10-03,2017-08-19,133,131.0,1.02,9,1300.03,-38.91,144.45,-2.99,Loyal Customer,0,0.0,102.72,-100.0,Recently Inactive,65,High Risk,Inactive,1,1,Targeted retention offer,46.89,299,Long Tail
RB-19645,Robert Barroso,Corporate,West,Nevada,North Las Vegas,2017-12-30,2014-08-23,2016-03-22,648,144.0,4.5,5,221.08,72.68,44.22,32.87,Repeat Customer,0,0.0,0.0,,Stable,75,High Risk,Churned,1,0,Targeted retention offer,46.74,300,Long Tail
CM-11935,Carlos Meador,Consumer,South,North Carolina,Fayetteville,2017-12-30,2015-09-24,2016-01-22,708,60.0,11.8,2,565.39,-43.73,282.7,-7.73,Repeat Customer,0,0.0,0.0,,Stable,75,High Risk,Churned,1,0,Targeted retention offer,46.6,301,Long Tail
BT-11440,Bobby Trafton,Consumer,Central,Illinois,Frankfort,2017-12-30,2014-06-04,2016-06-18,560,186.0,3.01,4,603.88,-77.53,150.97,-12.84,Repeat Customer,0,0.0,0.0,,Stable,75,High Risk,Churned,1,0,Targeted retention offer,46.58,302,Long Tail
JF-15295,Jason Fortune-,Consumer,Central,Texas,Plano,2017-12-30,2014-03-14,2017-05-19,225,134.0,1.68,5,955.12,97.29,191.02,10.19,Repeat Customer,0,0.0,0.0,,Stable,65,High Risk,Churned,1,0,Targeted retention offer,46.57,303,Long Tail
TC-21295,Toby Carlisle,Consumer,West,California,San Diego,2017-12-30,2014-10-14,2017-12-03,27,115.0,0.23,8,4266.81,606.37,533.35,14.21,Loyal Customer,3,190.49,988.2,-80.72,Sharp Decline,20,Low Risk,Active,0,1,Light-touch nurture,46.52,304,Long Tail
EH-13990,Erica Hackney,Consumer,Central,Texas,Houston,2017-12-30,2014-01-15,2016-11-20,405,223.0,1.82,6,825.95,150.38,137.66,18.21,Loyal Customer,0,0.0,0.0,,Stable,65,High Risk,Churned,1,0,Targeted retention offer,46.48,305,Long Tail
MY-18295,Muhammed Yedwab,Corporate,South,North Carolina,Durham,2017-12-30,2014-04-28,2017-10-20,71,95.0,0.75,11,4152.7,-371.71,377.52,-8.95,Loyal Customer,1,30.34,109.7,-72.34,Sharp Decline,40,Medium Risk,At Risk,0,1,Monitor and re-engage,46.38,306,Long Tail
SJ-20500,Shirley Jackson,Consumer,Central,Texas,Houston,2017-12-30,2014-08-31,2017-04-21,253,241.0,1.05,5,1318.78,68.1,263.76,5.16,Repeat Customer,0,0.0,0.0,,Stable,60,High Risk,Churned,1,0,Targeted retention offer,46.24,307,Long Tail
HM-14860,Harry Marie,Corporate,West,Washington,Seattle,2017-12-30,2014-07-21,2017-12-28,2,99.0,0.02,10,8236.76,2437.98,823.68,29.6,Loyal Customer,2,463.91,20.07,2211.46,Growing,5,Healthy,Active,0,0,Maintain relationship,46.2,308,Long Tail
DL-13495,Dionis Lloyd,Corporate,West,California,Thousand Oaks,2017-12-30,2015-12-25,2017-10-15,76,90.0,0.84,8,3539.32,-52.79,442.42,-1.49,Loyal Customer,1,175.37,1885.51,-90.7,Sharp Decline,40,Medium Risk,At Risk,0,1,Monitor and re-engage,46.19,309,Long Tail
NB-18580,Nicole Brennan,Corporate,South,Louisiana,Bossier City,2017-12-30,2014-09-26,2014-10-22,1165,39.0,29.87,2,273.87,24.79,136.94,9.05,Repeat Customer,0,0.0,0.0,,Stable,75,High Risk,Churned,1,0,Targeted retention offer,46.19,309,Long Tail
NC-18625,Noah Childs,Corporate,Central,Texas,Dallas,2017-12-30,2014-10-29,2017-06-09,204,179.0,1.14,5,1821.74,-359.02,364.35,-19.71,Repeat Customer,0,0.0,0.0,,Stable,60,High Risk,Churned,1,0,Targeted retention offer,46.18,310,Long Tail
GP-14740,Guy Phonely,Corporate,East,Massachusetts,Leominster,2017-12-30,2014-04-06,2015-11-26,765,225.0,3.4,2,236.53,31.84,118.27,13.46,Repeat Customer,0,0.0,0.0,,Stable,75,High Risk,Churned,1,0,Targeted retention offer,46.05,311,Long Tail
BD-11500,Bradley Drucker,Consumer,West,California,San Francisco,2017-12-30,2014-02-01,2017-11-25,35,232.0,0.15,6,4411.24,1142.12,735.21,25.89,Loyal Customer,1,369.98,0.0,,New or Reactivated,15,Healthy,Watch,0,0,Maintain relationship,46.02,312,Long Tail
JJ-15760,Joel Jenkins,Home Office,Central,Texas,Houston,2017-12-30,2015-10-05,2015-12-08,753,48.0,15.69,2,195.0,34.45,97.5,17.67,Repeat Customer,0,0.0,0.0,,Stable,75,High Risk,Churned,1,0,Targeted retention offer,45.92,313,Long Tail
JK-15625,Jim Karlsson,Consumer,West,Washington,Seattle,2017-12-30,2014-05-31,2017-10-30,61,170.0,0.36,7,3760.03,750.95,537.15,19.97,Loyal Customer,1,911.82,0.0,,New or Reactivated,20,Low Risk,At Risk,0,0,Light-touch nurture,45.8,314,Long Tail
PO-18850,Patrick O'Brill,Consumer,Central,Iowa,Burlington,2017-12-30,2014-11-02,2017-12-26,4,82.0,0.05,11,7473.83,38.48,679.44,0.51,Loyal Customer,3,595.63,4712.48,-87.36,Sharp Decline,25,Low Risk,Active,0,1,Light-touch nurture,45.76,315,Long Tail
MW-18235,Mitch Willingham,Corporate,West,California,San Francisco,2017-12-30,2014-05-21,2017-11-16,44,956.0,0.05,2,5253.88,1665.52,2626.94,31.7,Repeat Customer,1,1919.98,0.0,,New or Reactivated,10,Healthy,Watch,0,0,Maintain relationship,45.73,316,Long Tail
MM-17260,Magdelene Morse,Consumer,East,Delaware,Wilmington,2017-12-30,2014-05-28,2017-07-15,168,343.0,0.49,4,1314.02,178.4,328.51,13.58,Repeat Customer,0,0.0,336.99,-100.0,Recently Inactive,55,Medium Risk,Inactive,0,1,Monitor and re-engage,45.59,317,Long Tail
JF-15490,Jeremy Farry,Consumer,West,Arizona,Tempe,2017-12-30,2014-10-19,2017-08-31,121,112.0,1.08,11,1082.92,-18.07,98.45,-1.67,Loyal Customer,0,0.0,19.12,-100.0,Recently Inactive,65,High Risk,Inactive,1,1,Targeted retention offer,45.57,318,Long Tail
AS-10045,Aaron Smayling,Corporate,West,California,Pasadena,2017-12-30,2014-07-27,2017-10-03,88,194.0,0.45,7,3050.69,-253.57,435.81,-8.31,Loyal Customer,1,171.29,1564.34,-89.05,Sharp Decline,45,Medium Risk,At Risk,0,1,Monitor and re-engage,45.56,319,Long Tail
AJ-10945,Ashley Jarboe,Consumer,West,Arizona,Chandler,2017-12-30,2014-03-03,2017-10-06,85,219.0,0.39,7,1839.24,521.14,262.75,28.33,Loyal Customer,1,9.34,638.73,-98.54,Sharp Decline,40,Medium Risk,At Risk,0,1,Monitor and re-engage,45.47,320,Long Tail
JD-15790,John Dryer,Consumer,Central,Texas,Coppell,2017-12-30,2015-04-02,2017-09-04,117,222.0,0.53,5,2152.35,-266.55,430.47,-12.38,Repeat Customer,0,0.0,40.1,-100.0,Recently Inactive,55,Medium Risk,Inactive,0,1,Monitor and re-engage,45.4,321,Long Tail
CS-11845,Cari Sayre,Corporate,West,Washington,Seattle,2017-12-30,2014-12-14,2017-09-30,91,219.0,0.42,5,1278.95,185.38,255.79,14.49,Repeat Customer,0,0.0,183.59,-100.0,Recently Inactive,55,Medium Risk,Inactive,0,1,Monitor and re-engage,45.34,322,Long Tail
JF-15565,Jill Fjeld,Consumer,South,North Carolina,Fayetteville,2017-12-30,2014-10-11,2017-11-06,54,112.0,0.48,8,4198.33,1073.21,524.79,25.56,Loyal Customer,1,831.37,0.0,,New or Reactivated,15,Healthy,Watch,0,0,Maintain relationship,45.19,323,Long Tail
KM-16375,Katherine Murray,Home Office,South,Arkansas,Springdale,2017-12-30,2014-07-20,2017-11-04,56,95.0,0.59,8,5620.19,973.79,702.52,17.33,Loyal Customer,1,4.3,0.0,,New or Reactivated,10,Healthy,Watch,0,0,Maintain relationship,45.17,324,Long Tail
HM-14980,Henry MacAllister,Consumer,West,Washington,Seattle,2017-12-30,2015-10-02,2017-04-27,247,143.0,1.73,4,736.28,117.28,184.07,15.93,Repeat Customer,0,0.0,0.0,,Stable,65,High Risk,Churned,1,0,Targeted retention offer,45.08,325,Long Tail
JL-15835,John Lee,Consumer,South,Kentucky,Richmond,2017-12-30,2014-04-18,2017-12-09,21,60.0,0.35,11,9799.92,228.91,890.9,2.34,Loyal Customer,2,2051.09,2967.38,-30.88,Declining,15,Healthy,Active,0,1,Maintain relationship,45.04,326,Long Tail
LC-16885,Lena Creighton,Consumer,Central,Texas,Plano,2017-12-30,2014-04-25,2017-12-14,16,91.0,0.18,12,7663.13,1288.35,638.59,16.81,Loyal Customer,2,1107.35,0.0,,New or Reactivated,5,Healthy,Active,0,0,Maintain relationship,44.89,327,Long Tail
JS-15940,Joni Sundaresam,Home Office,East,Ohio,Lancaster,2017-12-30,2014-05-03,2016-09-23,463,187.0,2.48,5,469.17,-327.93,93.83,-69.9,Repeat Customer,0,0.0,0.0,,Stable,75,High Risk,Churned,1,0,Targeted retention offer,44.83,328,Long Tail
EM-14095,Eudokia Martin,Corporate,East,New York,New York City,2017-12-30,2015-08-07,2017-09-08,113,127.0,0.89,4,1041.04,240.24,260.26,23.08,Repeat Customer,0,0.0,65.12,-100.0,Recently Inactive,55,Medium Risk,Inactive,0,1,Monitor and re-engage,44.66,329,Long Tail
LS-17200,Luke Schmidt,Corporate,West,Montana,Helena,2017-12-30,2014-10-18,2017-09-25,96,124.0,0.77,6,1010.26,244.2,168.38,24.17,Loyal Customer,0,0.0,213.3,-100.0,Recently Inactive,55,Medium Risk,Inactive,0,1,Monitor and re-engage,44.55,330,Long Tail
MT-18070,Michelle Tran,Home Office,West,California,Los Angeles,2017-12-30,2014-09-25,2017-06-10,203,148.0,1.37,4,1319.45,-23.68,329.86,-1.79,Repeat Customer,0,0.0,0.0,,Stable,60,High Risk,Churned,1,0,Targeted retention offer,44.52,331,Long Tail
SE-20110,Sanjit Engle,Consumer,West,California,Costa Mesa,2017-12-30,2014-04-11,2017-12-21,9,113.0,0.08,11,12209.44,2650.68,1109.95,21.71,Loyal Customer,2,207.31,5.95,3384.2,Growing,0,Healthy,Active,0,0,Maintain relationship,44.47,332,Long Tail
EJ-14155,Eva Jacobs,Consumer,West,Washington,Seattle,2017-12-30,2014-03-03,2017-11-03,57,287.0,0.2,5,2656.69,451.88,531.34,17.01,Repeat Customer,1,43.5,421.1,-89.67,Sharp Decline,30,Low Risk,Watch,0,1,Light-touch nurture,44.42,333,Long Tail
SN-20710,Steve Nguyen,Home Office,Central,Illinois,Rockford,2017-12-30,2014-05-06,2017-10-12,79,105.0,0.75,7,3127.96,481.75,446.85,15.4,Loyal Customer,1,254.6,0.0,,New or Reactivated,25,Low Risk,At Risk,0,0,Light-touch nurture,44.41,334,Long Tail
DM-12955,Dario Medina,Corporate,South,Tennessee,Nashville,2017-12-30,2014-09-30,2017-09-07,114,201.0,0.57,7,1322.03,108.76,188.86,8.23,Loyal Customer,0,0.0,81.57,-100.0,Recently Inactive,55,Medium Risk,Inactive,0,1,Monitor and re-engage,44.38,335,Long Tail
HD-14785,Harold Dahlen,Home Office,East,Massachusetts,Cambridge,2017-12-30,2014-05-11,2015-11-22,769,140.0,5.49,3,251.36,-135.88,83.79,-54.06,Repeat Customer,0,0.0,0.0,,Stable,75,High Risk,Churned,1,0,Targeted retention offer,44.3,336,Long Tail
GH-14485,Gene Hale,Corporate,Central,Texas,Richardson,2017-12-30,2015-10-08,2016-12-08,387,320.0,1.21,2,1361.24,-95.45,680.62,-7.01,Repeat Customer,0,0.0,0.0,,Stable,60,High Risk,Churned,1,0,Targeted retention offer,44.29,337,Long Tail
JG-15160,James Galang,Consumer,West,California,Los Angeles,2017-12-30,2014-05-30,2017-12-29,1,116.0,0.01,11,6366.39,1415.67,578.76,22.24,Loyal Customer,1,695.94,97.84,611.3,Growing,5,Healthy,Active,0,0,Maintain relationship,44.27,338,Long Tail
EM-14140,Eugene Moren,Home Office,West,Arizona,Glendale,2017-12-30,2014-07-19,2017-11-12,48,91.0,0.53,6,4588.44,1319.37,764.74,28.75,Loyal Customer,1,972.08,0.0,,New or Reactivated,10,Healthy,Watch,0,0,Maintain relationship,44.22,339,Long Tail
KB-16405,Katrina Bavinger,Home Office,West,California,Apple Valley,2017-12-30,2015-11-20,2017-09-04,117,123.0,0.95,3,908.82,274.3,302.94,30.18,Repeat Customer,0,0.0,753.66,-100.0,Recently Inactive,55,Medium Risk,Inactive,0,1,Monitor and re-engage,44.15,340,Long Tail
TB-21595,Troy Blackwell,Consumer,Central,Indiana,Columbus,2017-12-30,2014-02-18,2017-03-20,285,282.0,1.01,5,1387.56,-136.41,277.51,-9.83,Repeat Customer,0,0.0,0.0,,Stable,60,High Risk,Churned,1,0,Targeted retention offer,44.12,341,Long Tail
AA-10645,Anna Andreadi,Consumer,West,California,San Diego,2017-12-30,2014-06-22,2017-11-05,55,109.0,0.5,6,5086.94,857.8,847.82,16.86,Loyal Customer,1,12.96,0.0,,New or Reactivated,10,Healthy,Watch,0,0,Maintain relationship,44.09,342,Long Tail
RW-19630,Rob Williams,Corporate,East,New York,New York City,2017-12-30,2014-06-28,2017-10-02,89,119.0,0.75,9,3279.75,698.83,364.42,21.31,Loyal Customer,1,65.99,0.0,,New or Reactivated,20,Low Risk,At Risk,0,0,Light-touch nurture,44.06,343,Long Tail
MH-17620,Matt Hagelstein,Corporate,West,California,San Francisco,2017-12-30,2015-12-05,2017-07-28,155,180.0,0.86,4,1252.8,122.36,313.2,9.77,Repeat Customer,0,0.0,1170.56,-100.0,Recently Inactive,55,Medium Risk,Inactive,0,1,Monitor and re-engage,43.98,344,Long Tail
SS-20875,Sung Shariari,Consumer,West,Washington,Redmond,2017-12-30,2014-12-14,2017-09-01,120,106.0,1.13,5,964.64,-75.59,192.93,-7.84,Repeat Customer,0,0.0,42.91,-100.0,Recently Inactive,65,High Risk,Inactive,1,1,Targeted retention offer,43.96,345,Long Tail
EM-13825,Elizabeth Moffitt,Corporate,Central,Texas,Dallas,2017-12-30,2014-12-02,2017-11-05,55,107.0,0.51,8,2339.6,682.55,292.45,29.17,Loyal Customer,1,492.77,1107.68,-55.51,Sharp Decline,30,Low Risk,Watch,0,1,Light-touch nurture,43.95,346,Long Tail
AB-10015,Aaron Bergman,Consumer,Central,Oklahoma,Oklahoma City,2017-12-30,2014-02-18,2016-11-10,415,299.0,1.39,3,886.16,129.35,295.39,14.6,Repeat Customer,0,0.0,0.0,,Stable,60,High Risk,Churned,1,0,Targeted retention offer,43.93,347,Long Tail
SP-20620,Stefania Perrino,Corporate,East,New York,Buffalo,2017-12-30,2014-09-08,2017-11-13,47,76.0,0.62,9,5440.32,-270.43,604.48,-4.97,Loyal Customer,1,198.55,2938.12,-93.24,Sharp Decline,30,Low Risk,Watch,0,1,Light-touch nurture,43.89,348,Long Tail
LR-17035,Lisa Ryan,Corporate,West,California,San Francisco,2017-12-30,2014-09-07,2017-08-20,132,147.0,0.9,5,1879.31,-382.81,375.86,-20.37,Repeat Customer,0,0.0,393.06,-100.0,Recently Inactive,55,Medium Risk,Inactive,0,1,Monitor and re-engage,43.81,349,Long Tail
EH-14185,Evan Henry,Consumer,East,Pennsylvania,Philadelphia,2017-12-30,2014-05-22,2017-09-16,105,260.0,0.4,6,923.88,242.11,153.98,26.21,Loyal Customer,0,0.0,20.54,-100.0,Recently Inactive,55,Medium Risk,Inactive,0,1,Monitor and re-engage,43.72,350,Long Tail
KB-16240,Karen Bern,Corporate,Central,Texas,Odessa,2017-12-30,2014-03-31,2017-12-26,4,228.0,0.02,7,3152.62,763.91,450.37,24.23,Loyal Customer,1,16.03,2787.37,-99.42,Sharp Decline,20,Low Risk,Active,0,1,Light-touch nurture,43.67,351,Long Tail
ME-18010,Michelle Ellison,Corporate,East,Ohio,Marion,2017-12-30,2014-07-21,2017-09-29,92,350.0,0.26,4,1256.94,107.36,314.24,8.54,Repeat Customer,0,0.0,51.17,-100.0,Recently Inactive,55,Medium Risk,Inactive,0,1,Monitor and re-engage,43.66,352,Long Tail
JK-15370,Jay Kimmel,Consumer,West,California,Fresno,2017-12-30,2014-04-11,2017-11-16,44,123.0,0.36,8,2709.63,330.28,338.7,12.19,Loyal Customer,1,48.86,380.39,-87.16,Sharp Decline,30,Low Risk,Watch,0,1,Light-touch nurture,43.47,353,Long Tail
GM-14455,Gary Mitchum,Home Office,Central,Illinois,Chicago,2017-12-30,2014-04-11,2017-12-14,16,183.0,0.09,6,3078.62,793.28,513.1,25.77,Loyal Customer,1,282.69,1077.47,-73.76,Sharp Decline,20,Low Risk,Active,0,1,Light-touch nurture,43.42,354,Long Tail
TT-21070,Ted Trevino,Consumer,South,Tennessee,Chattanooga,2017-12-30,2014-05-18,2017-11-29,31,149.0,0.21,7,4915.6,751.96,702.23,15.3,Loyal Customer,2,3813.17,0.0,,New or Reactivated,10,Healthy,Watch,0,0,Maintain relationship,43.35,355,Long Tail
MJ-17740,Max Jones,Consumer,East,Pennsylvania,Philadelphia,2017-12-30,2015-06-09,2017-12-08,22,98.0,0.22,7,6320.75,1054.55,902.96,16.68,Loyal Customer,1,97.24,0.0,,New or Reactivated,5,Healthy,Active,0,0,Maintain relationship,43.34,356,Long Tail
PM-18940,Paul MacIntyre,Consumer,South,Virginia,Springfield,2017-12-30,2014-05-04,2016-12-09,386,475.0,0.81,3,1405.4,157.88,468.47,11.23,Repeat Customer,0,0.0,0.0,,Stable,50,Medium Risk,Churned,1,0,Monitor and re-engage,43.24,357,Long Tail
DB-13270,Deborah Brumfield,Home Office,West,California,Brentwood,2017-12-30,2014-02-04,2017-11-07,53,171.0,0.31,8,4655.9,841.83,581.99,18.08,Loyal Customer,1,821.51,0.0,,New or Reactivated,10,Healthy,Watch,0,0,Maintain relationship,43.18,358,Long Tail
CS-12175,Charles Sheldon,Corporate,West,California,San Francisco,2017-12-30,2014-08-12,2017-05-12,232,215.0,1.08,5,844.46,113.14,168.89,13.4,Repeat Customer,0,0.0,0.0,,Stable,60,High Risk,Churned,1,0,Targeted retention offer,43.12,359,Long Tail
SB-20170,Sarah Bern,Consumer,East,New York,New York City,2017-12-30,2014-06-06,2017-06-12,201,276.0,0.73,3,1348.02,157.67,449.34,11.7,Repeat Customer,0,0.0,0.0,,Stable,50,Medium Risk,Churned,1,0,Monitor and re-engage,42.88,360,Long Tail
RS-19765,Roland Schwarz,Corporate,South,South Carolina,Summerville,2017-12-30,2014-04-07,2017-11-24,36,153.0,0.24,8,4159.77,1206.39,519.97,29.0,Loyal Customer,2,1122.13,116.83,860.48,Growing,10,Healthy,Watch,0,0,Maintain relationship,42.74,361,Long Tail
NC-18535,Nick Crebassa,Corporate,East,Massachusetts,New Bedford,2017-12-30,2014-07-23,2017-12-24,6,134.0,0.04,7,8241.74,1314.76,1177.39,15.95,Loyal Customer,3,490.5,0.0,,New or Reactivated,0,Healthy,Active,0,0,Maintain relationship,42.69,362,Long Tail
GH-14425,Gary Hwang,Consumer,West,California,Modesto,2017-12-30,2014-06-17,2017-11-10,50,207.0,0.24,4,4172.85,1176.42,1043.21,28.19,Repeat Customer,1,111.79,0.0,,New or Reactivated,10,Healthy,Watch,0,0,Maintain relationship,42.69,362,Long Tail
FH-14275,Frank Hawley,Corporate,East,Pennsylvania,Philadelphia,2017-12-30,2014-04-06,2017-11-23,37,100.0,0.37,10,4256.27,1073.27,425.63,25.22,Loyal Customer,2,1369.53,1240.56,10.4,Stable,10,Healthy,Watch,0,0,Maintain relationship,42.61,363,Long Tail
AR-10540,Andy Reiter,Consumer,East,New York,New York City,2017-12-30,2014-11-25,2017-12-24,6,211.0,0.03,6,6608.45,2884.62,1101.41,43.65,Loyal Customer,1,17.88,0.0,,New or Reactivated,0,Healthy,Active,0,0,Maintain relationship,42.58,364,Long Tail
LW-17125,Liz Willingham,Consumer,East,Connecticut,Norwich,2017-12-30,2014-09-11,2017-06-08,205,375.0,0.55,3,1259.04,192.63,419.68,15.3,Repeat Customer,0,0.0,0.0,,Stable,50,Medium Risk,Churned,1,0,Monitor and re-engage,42.54,365,Long Tail
FH-14365,Fred Hopkins,Corporate,West,California,Los Angeles,2017-12-30,2014-10-20,2017-12-25,5,145.0,0.03,8,6987.2,2050.28,873.4,29.34,Loyal Customer,1,424.17,56.95,644.81,Growing,0,Healthy,Active,0,0,Maintain relationship,42.52,366,Long Tail
AF-10885,Art Foster,Consumer,East,Ohio,Toledo,2017-12-30,2014-05-10,2016-11-10,415,229.0,1.81,4,861.57,-163.12,215.39,-18.93,Repeat Customer,0,0.0,0.0,,Stable,65,High Risk,Churned,1,0,Targeted retention offer,42.45,367,Long Tail
CA-12265,Christina Anderson,Consumer,South,Tennessee,Chattanooga,2017-12-30,2014-03-25,2017-11-04,56,124.0,0.45,9,2648.29,279.62,294.25,10.56,Loyal Customer,3,588.83,937.83,-37.21,Declining,30,Low Risk,Watch,0,1,Light-touch nurture,42.41,368,Long Tail
GM-14440,Gary McGarr,Consumer,East,New York,New York City,2017-12-30,2014-03-21,2017-10-08,83,195.0,0.43,7,3582.82,347.27,511.83,9.69,Loyal Customer,1,145.76,60.12,142.45,Growing,20,Low Risk,At Risk,0,0,Light-touch nurture,42.38,369,Long Tail
AJ-10780,Anthony Jacobs,Corporate,West,Arizona,Scottsdale,2017-12-30,2014-01-10,2017-10-16,75,147.0,0.51,7,4867.34,150.71,695.33,3.1,Loyal Customer,1,307.78,0.0,,New or Reactivated,20,Low Risk,At Risk,0,0,Light-touch nurture,42.29,370,Long Tail
MH-17440,Mark Haberlin,Corporate,East,New York,New York City,2017-12-30,2014-02-04,2016-12-19,376,197.0,1.91,4,400.02,61.43,100.0,15.36,Repeat Customer,0,0.0,0.0,,Stable,65,High Risk,Churned,1,0,Targeted retention offer,42.28,371,Long Tail
PG-18820,Patrick Gardner,Consumer,West,California,San Francisco,2017-12-30,2014-05-09,2017-11-24,36,78.0,0.46,13,3086.91,137.46,237.45,4.45,Loyal Customer,2,62.94,304.05,-79.3,Sharp Decline,30,Low Risk,Watch,0,1,Light-touch nurture,42.05,372,Long Tail
JD-16060,Julia Dunbar,Consumer,Central,Minnesota,Rochester,2017-12-30,2014-09-24,2017-03-05,300,268.0,1.12,3,695.44,111.11,231.81,15.98,Repeat Customer,0,0.0,0.0,,Stable,60,High Risk,Churned,1,0,Targeted retention offer,42.02,373,Long Tail
DW-13585,Dorothy Wardle,Corporate,East,New Jersey,Westfield,2017-12-30,2014-08-24,2017-05-02,242,164.0,1.48,7,1204.85,-266.9,172.12,-22.15,Loyal Customer,0,0.0,0.0,,Stable,60,High Risk,Churned,1,0,Targeted retention offer,42.0,374,Long Tail
DK-13375,Dennis Kane,Consumer,Central,Texas,Abilene,2017-12-30,2014-09-07,2017-12-11,19,81.0,0.23,8,3318.49,377.08,414.81,11.36,Loyal Customer,2,222.42,297.99,-25.36,Declining,20,Low Risk,Active,0,1,Light-touch nurture,41.96,375,Long Tail
RP-19390,Resi Pölking,Consumer,East,New York,New York City,2017-12-30,2014-05-24,2017-11-27,33,80.0,0.41,12,5153.08,465.25,429.42,9.03,Loyal Customer,1,114.41,0.0,,New or Reactivated,10,Healthy,Watch,0,0,Maintain relationship,41.86,376,Long Tail
SL-20155,Sara Luxemburg,Home Office,Central,Oklahoma,Muskogee,2017-12-30,2014-09-21,2017-10-21,70,211.0,0.33,7,3053.01,527.97,436.14,17.29,Loyal Customer,1,1702.03,2.22,76568.02,Growing,20,Low Risk,At Risk,0,0,Light-touch nurture,41.66,377,Long Tail
PA-19060,Pete Armstrong,Home Office,Central,Texas,Dallas,2017-12-30,2014-05-17,2017-09-18,103,305.0,0.34,6,729.41,225.86,121.57,30.96,Loyal Customer,0,0.0,114.85,-100.0,Recently Inactive,55,Medium Risk,Inactive,0,1,Monitor and re-engage,41.6,378,Long Tail
CR-12625,Corey Roper,Home Office,South,Georgia,Columbus,2017-12-30,2014-06-01,2016-09-16,470,419.0,1.12,3,475.9,144.76,158.63,30.42,Repeat Customer,0,0.0,0.0,,Stable,60,High Risk,Churned,1,0,Targeted retention offer,41.59,379,Long Tail
CM-12655,Corinna Mitchell,Home Office,West,Washington,Seattle,2017-12-30,2015-03-19,2017-12-03,27,165.0,0.16,6,6339.56,1572.46,1056.59,24.8,Loyal Customer,2,2226.85,0.0,,New or Reactivated,0,Healthy,Active,0,0,Maintain relationship,41.56,380,Long Tail
AD-10180,Alan Dominguez,Home Office,East,Connecticut,Fairfield,2017-12-30,2014-11-19,2017-12-01,29,151.0,0.19,8,6106.88,1869.93,763.36,30.62,Loyal Customer,2,1080.55,0.0,,New or Reactivated,0,Healthy,Active,0,0,Maintain relationship,41.54,381,Long Tail
TH-21235,Tiffany House,Corporate,West,California,Los Angeles,2017-12-30,2014-11-04,2017-09-04,117,129.0,0.91,8,1022.2,92.73,127.78,9.07,Loyal Customer,0,0.0,54.32,-100.0,Recently Inactive,55,Medium Risk,Inactive,0,1,Monitor and re-engage,41.5,382,Long Tail
JS-15595,Jill Stevenson,Corporate,Central,Illinois,Chicago,2017-12-30,2014-03-03,2017-09-02,119,274.0,0.43,4,1417.65,-175.55,354.41,-12.38,Repeat Customer,0,0.0,257.51,-100.0,Recently Inactive,55,Medium Risk,Inactive,0,1,Monitor and re-engage,41.49,383,Long Tail
LC-16930,Linda Cazamias,Corporate,Central,Texas,San Angelo,2017-12-30,2014-02-20,2017-11-19,41,158.0,0.26,8,4492.95,288.27,561.62,6.42,Loyal Customer,1,305.31,147.17,107.45,Growing,15,Healthy,Watch,0,0,Maintain relationship,41.45,384,Long Tail
RM-19675,Robert Marley,Home Office,West,California,Los Angeles,2017-12-30,2014-11-14,2017-12-24,6,170.0,0.04,5,5979.1,1902.54,1195.82,31.82,Repeat Customer,1,2970.43,0.0,,New or Reactivated,0,Healthy,Active,0,0,Maintain relationship,41.37,385,Long Tail
MG-17890,Michael Granlund,Home Office,East,New Hampshire,Concord,2017-12-30,2014-12-29,2017-09-22,99,125.0,0.79,9,776.38,171.74,86.26,22.12,Loyal Customer,0,0.0,73.61,-100.0,Recently Inactive,55,Medium Risk,Inactive,0,1,Monitor and re-engage,41.07,386,Long Tail
BB-11545,Brenda Bowman,Corporate,West,California,Oakland,2017-12-30,2015-06-05,2017-12-02,28,72.0,0.39,9,6765.73,1015.08,751.75,15.0,Loyal Customer,2,2537.07,2049.19,23.81,Growing,0,Healthy,Active,0,0,Maintain relationship,41.01,387,Long Tail
MH-18115,Mick Hernandez,Home Office,South,Alabama,Huntsville,2017-12-30,2016-08-23,2017-12-25,5,35.0,0.14,9,5503.09,170.97,611.45,3.11,Loyal Customer,2,871.72,1169.69,-25.47,Declining,15,Healthy,Active,0,1,Maintain relationship,40.99,388,Long Tail
VG-21790,Vivek Gonzalez,Consumer,West,Washington,Seattle,2017-12-30,2014-08-08,2017-07-29,154,233.0,0.66,6,846.01,143.63,141.0,16.98,Loyal Customer,0,0.0,191.14,-100.0,Recently Inactive,55,Medium Risk,Inactive,0,1,Monitor and re-engage,40.98,389,Long Tail
EM-13960,Eric Murdock,Consumer,West,California,San Francisco,2017-12-30,2015-10-01,2017-08-01,151,201.0,0.75,5,933.7,102.3,186.74,10.96,Repeat Customer,0,0.0,186.54,-100.0,Recently Inactive,55,Medium Risk,Inactive,0,1,Monitor and re-engage,40.96,390,Long Tail
BF-11170,Ben Ferrer,Home Office,East,Massachusetts,Lawrence,2017-12-30,2014-04-13,2017-12-14,16,77.0,0.21,11,5907.97,1538.21,537.09,26.04,Loyal Customer,1,1843.4,0.0,,New or Reactivated,0,Healthy,Active,0,0,Maintain relationship,40.95,391,Long Tail
AG-10495,Andrew Gjertsen,Corporate,East,Pennsylvania,Philadelphia,2017-12-30,2015-01-04,2017-10-13,78,76.0,1.03,8,2356.86,295.67,294.61,12.54,Loyal Customer,1,114.38,0.0,,New or Reactivated,30,Low Risk,At Risk,0,0,Light-touch nurture,40.92,392,Long Tail
Dl-13600,Dorris liebe,Corporate,East,Ohio,Cleveland,2017-12-30,2014-03-30,2017-09-02,119,376.0,0.32,5,755.6,175.24,151.12,23.19,Repeat Customer,0,0.0,15.07,-100.0,Recently Inactive,55,Medium Risk,Inactive,0,1,Monitor and re-engage,40.92,392,Long Tail
BF-10975,Barbara Fisher,Corporate,East,Pennsylvania,Philadelphia,2017-12-30,2014-07-14,2017-09-30,91,147.0,0.62,7,599.8,227.44,85.69,37.92,Loyal Customer,0,0.0,20.66,-100.0,Recently Inactive,55,Medium Risk,Inactive,0,1,Monitor and re-engage,40.92,392,Long Tail
ML-17395,Marina Lichtenstein,Corporate,East,Pennsylvania,Philadelphia,2017-12-30,2014-02-14,2017-10-22,69,106.0,0.65,9,2722.84,684.92,302.54,25.15,Loyal Customer,1,64.38,0.0,,New or Reactivated,20,Low Risk,At Risk,0,0,Light-touch nurture,40.85,393,Long Tail
QJ-19255,Quincy Jones,Corporate,East,Vermont,Burlington,2017-12-30,2014-03-17,2017-12-05,25,170.0,0.15,9,6108.34,1203.68,678.7,19.71,Loyal Customer,1,205.03,0.0,,New or Reactivated,0,Healthy,Active,0,0,Maintain relationship,40.74,394,Long Tail
TS-21340,Toby Swindell,Consumer,East,New York,New York City,2017-12-30,2014-01-19,2017-05-18,226,166.0,1.36,5,974.78,-184.98,194.96,-18.98,Repeat Customer,0,0.0,0.0,,Stable,60,High Risk,Churned,1,0,Targeted retention offer,40.74,394,Long Tail
RB-19705,Roger Barcio,Home Office,West,Oregon,Portland,2017-12-30,2015-08-22,2017-11-06,54,202.0,0.27,4,2067.45,243.08,516.86,11.76,Repeat Customer,1,5.68,1770.19,-99.68,Sharp Decline,35,Low Risk,Watch,0,1,Light-touch nurture,40.68,395,Long Tail
AS-10630,Ann Steele,Home Office,Central,Texas,Pasadena,2017-12-30,2014-08-01,2017-09-29,92,158.0,0.58,7,833.4,136.49,119.06,16.38,Loyal Customer,0,0.0,372.45,-100.0,Recently Inactive,55,Medium Risk,Inactive,0,1,Monitor and re-engage,40.67,396,Long Tail
KH-16690,Kristen Hastings,Corporate,West,California,San Francisco,2017-12-30,2014-03-21,2017-12-28,2,148.0,0.01,7,5990.8,1227.51,855.83,20.49,Loyal Customer,1,725.84,0.0,,New or Reactivated,0,Healthy,Active,0,0,Maintain relationship,40.65,397,Long Tail
SC-20575,Sonia Cooley,Consumer,West,California,Los Angeles,2017-12-30,2014-06-16,2017-09-29,92,300.0,0.31,5,902.73,100.23,180.55,11.1,Repeat Customer,0,0.0,101.5,-100.0,Recently Inactive,55,Medium Risk,Inactive,0,1,Monitor and re-engage,40.65,397,Long Tail
MM-18055,Michelle Moray,Consumer,West,Washington,Seattle,2017-12-30,2014-04-11,2017-10-30,61,108.0,0.56,8,2749.88,-520.34,343.74,-18.92,Loyal Customer,1,102.66,1495.02,-93.13,Sharp Decline,40,Medium Risk,At Risk,0,1,Monitor and re-engage,40.63,398,Long Tail
DA-13450,Dianna Arnett,Home Office,East,District of Columbia,Washington,2017-12-30,2014-04-25,2017-01-12,352,213.0,1.65,4,156.76,56.79,39.19,36.23,Repeat Customer,0,0.0,0.0,,Stable,65,High Risk,Churned,1,0,Targeted retention offer,40.59,399,Long Tail
AC-10450,Amy Cox,Consumer,South,Louisiana,Lafayette,2017-12-30,2014-10-31,2017-12-19,11,215.0,0.05,7,5527.85,1366.01,789.69,24.71,Loyal Customer,2,3459.6,0.0,,New or Reactivated,0,Healthy,Active,0,0,Maintain relationship,40.46,400,Long Tail
SP-20920,Susan Pistek,Consumer,Central,Illinois,Chicago,2017-12-30,2014-11-22,2017-10-21,70,123.0,0.57,6,3990.69,14.69,665.11,0.37,Loyal Customer,1,23.99,0.0,,New or Reactivated,25,Low Risk,At Risk,0,0,Light-touch nurture,40.4,401,Long Tail
ML-17410,Maris LaWare,Consumer,East,Pennsylvania,Philadelphia,2017-12-30,2014-11-14,2017-11-06,54,117.0,0.46,6,2921.5,-76.18,486.92,-2.61,Loyal Customer,1,175.32,1298.9,-86.5,Sharp Decline,35,Low Risk,Watch,0,1,Light-touch nurture,40.38,402,Long Tail
TT-21265,Tim Taslimi,Corporate,Central,Indiana,Indianapolis,2017-12-30,2015-08-15,2016-11-19,406,347.0,1.17,3,439.5,93.92,146.5,21.37,Repeat Customer,0,0.0,0.0,,Stable,60,High Risk,Churned,1,0,Targeted retention offer,40.23,403,Long Tail
TB-21175,Thomas Boland,Corporate,South,Kentucky,Henderson,2017-12-30,2014-12-08,2017-11-02,58,159.0,0.36,4,3589.3,829.16,897.32,23.1,Repeat Customer,1,3291.07,0.0,,New or Reactivated,10,Healthy,Watch,0,0,Maintain relationship,40.21,404,Long Tail
YC-21895,Yoseph Carroll,Corporate,Central,Nebraska,Fremont,2017-12-30,2014-11-17,2017-12-26,4,243.0,0.02,5,5454.35,1305.63,1090.87,23.94,Repeat Customer,1,750.68,0.0,,New or Reactivated,0,Healthy,Active,0,0,Maintain relationship,40.2,405,Long Tail
NP-18325,Naresj Patel,Consumer,West,California,San Diego,2017-12-30,2014-05-13,2017-12-05,25,98.0,0.26,6,5529.62,1208.89,921.6,21.86,Loyal Customer,1,92.94,0.0,,New or Reactivated,0,Healthy,Active,0,0,Maintain relationship,40.14,406,Long Tail
PM-19135,Peter McVee,Home Office,South,Florida,Jacksonville,2017-12-30,2015-12-19,2017-11-09,51,173.0,0.29,4,4115.66,526.75,1028.92,12.8,Repeat Customer,1,691.14,0.0,,New or Reactivated,10,Healthy,Watch,0,0,Maintain relationship,40.08,407,Long Tail
BP-11185,Ben Peterman,Corporate,West,California,Anaheim,2017-12-30,2015-03-24,2017-12-29,1,89.0,0.01,9,3675.86,363.6,408.43,9.89,Loyal Customer,3,578.84,1132.56,-48.89,Declining,15,Healthy,Active,0,1,Maintain relationship,40.07,408,Long Tail
BP-11095,Bart Pistole,Corporate,East,New York,New York City,2017-12-30,2014-06-07,2017-12-13,17,101.0,0.17,12,2442.04,433.98,203.5,17.77,Loyal Customer,2,383.95,829.83,-53.73,Sharp Decline,25,Low Risk,Active,0,1,Light-touch nurture,39.99,409,Long Tail
BH-11710,Brosina Hoffman,Consumer,South,Mississippi,Hattiesburg,2017-12-30,2014-06-09,2017-12-07,23,83.0,0.28,8,6255.35,802.79,781.92,12.83,Loyal Customer,1,372.64,0.0,,New or Reactivated,0,Healthy,Active,0,0,Maintain relationship,39.95,410,Long Tail
PV-18985,Paul Van Hugh,Home Office,West,California,Los Angeles,2017-12-30,2014-07-12,2017-10-02,89,147.0,0.61,5,2876.05,434.53,575.21,15.11,Repeat Customer,1,1687.26,0.0,,New or Reactivated,20,Low Risk,At Risk,0,0,Light-touch nurture,39.94,411,Long Tail
PW-19030,Pauline Webber,Corporate,East,New York,Watertown,2017-12-30,2014-05-16,2017-11-14,46,160.0,0.29,10,3454.92,803.82,345.49,23.27,Loyal Customer,1,96.36,13.76,600.29,Growing,10,Healthy,Watch,0,0,Maintain relationship,39.87,412,Long Tail
MR-17545,Mathew Reese,Home Office,East,New York,New York City,2017-12-30,2014-09-03,2017-08-27,125,327.0,0.38,4,639.18,162.94,159.79,25.49,Repeat Customer,0,0.0,501.58,-100.0,Recently Inactive,55,Medium Risk,Inactive,0,1,Monitor and re-engage,39.82,413,Long Tail
MW-18220,Mitch Webber,Consumer,West,Washington,Seattle,2017-12-30,2014-08-25,2017-12-13,17,139.0,0.12,7,5341.9,1238.42,763.13,23.18,Loyal Customer,1,31.44,0.0,,New or Reactivated,0,Healthy,Active,0,0,Maintain relationship,39.8,414,Long Tail
AS-10240,Alan Shonely,Consumer,East,Ohio,Cleveland,2017-12-30,2014-03-15,2017-06-21,192,149.0,1.29,7,584.61,33.72,83.52,5.77,Loyal Customer,0,0.0,0.0,,Stable,60,High Risk,Churned,1,0,Targeted retention offer,39.72,415,Long Tail
NF-18475,Neil Französisch,Home Office,Central,Illinois,Rockford,2017-12-30,2014-03-14,2016-07-23,525,431.0,1.22,4,377.16,85.93,94.29,22.78,Repeat Customer,0,0.0,0.0,,Stable,60,High Risk,Churned,1,0,Targeted retention offer,39.7,416,Long Tail
BM-11575,Brendan Murry,Corporate,West,California,Los Angeles,2017-12-30,2015-09-15,2017-09-21,100,123.0,0.81,6,808.16,95.58,134.69,11.83,Loyal Customer,0,0.0,15.51,-100.0,Recently Inactive,55,Medium Risk,Inactive,0,1,Monitor and re-engage,39.65,417,Long Tail
LR-16915,Lena Radford,Consumer,South,Tennessee,Nashville,2017-12-30,2014-08-08,2017-12-04,26,121.0,0.21,6,5142.89,535.48,857.15,10.41,Loyal Customer,1,649.0,0.0,,New or Reactivated,5,Healthy,Active,0,0,Maintain relationship,39.62,418,Long Tail
RA-19285,Ralph Arnett,Consumer,East,New York,New York City,2017-12-30,2014-12-13,2017-12-25,5,104.0,0.05,9,2617.91,546.09,290.88,20.86,Loyal Customer,2,308.5,711.39,-56.63,Sharp Decline,20,Low Risk,Active,0,1,Light-touch nurture,39.56,419,Long Tail
SM-20005,Sally Matthias,Consumer,Central,Texas,Houston,2017-12-30,2014-11-23,2016-11-04,421,214.0,1.97,4,244.49,-26.59,61.12,-10.88,Repeat Customer,0,0.0,0.0,,Stable,65,High Risk,Churned,1,0,Targeted retention offer,39.53,420,Long Tail
TT-21460,Tonja Turnell,Home Office,West,California,San Francisco,2017-12-30,2015-12-08,2017-12-18,12,86.0,0.14,7,5364.81,1124.5,766.4,20.96,Loyal Customer,2,3089.7,35.96,8492.05,Growing,0,Healthy,Active,0,0,Maintain relationship,39.5,421,Long Tail
WB-21850,William Brown,Consumer,East,Pennsylvania,Philadelphia,2017-12-30,2014-11-04,2017-12-10,20,47.0,0.43,11,6160.1,714.33,560.01,11.6,Loyal Customer,2,137.11,0.0,,New or Reactivated,0,Healthy,Active,0,0,Maintain relationship,39.42,422,Long Tail
NP-18670,Nora Paige,Consumer,Central,Missouri,Saint Louis,2017-12-30,2015-02-27,2017-11-02,58,163.0,0.36,5,3908.4,514.6,781.68,13.17,Repeat Customer,2,2353.94,0.0,,New or Reactivated,10,Healthy,Watch,0,0,Maintain relationship,39.4,423,Long Tail
MC-17275,Marc Crier,Consumer,West,California,Camarillo,2017-12-30,2014-09-08,2017-10-15,76,142.0,0.54,8,2725.98,461.0,340.75,16.91,Loyal Customer,1,14.73,0.0,,New or Reactivated,20,Low Risk,At Risk,0,0,Light-touch nurture,39.39,424,Long Tail
AH-10210,Alan Hwang,Consumer,West,Washington,Seattle,2017-12-30,2014-11-29,2017-12-24,6,140.0,0.04,9,4805.34,1308.55,533.93,27.23,Loyal Customer,3,1548.14,1577.94,-1.89,Stable,0,Healthy,Active,0,0,Maintain relationship,39.16,425,Long Tail
EB-13930,Eric Barreto,Consumer,Central,Illinois,Chicago,2017-12-30,2014-02-02,2017-07-22,161,317.0,0.51,5,944.6,0.6,188.92,0.06,Repeat Customer,0,0.0,526.34,-100.0,Recently Inactive,55,Medium Risk,Inactive,0,1,Monitor and re-engage,39.08,426,Long Tail
AC-10660,Anna Chung,Consumer,Central,Texas,Huntsville,2017-12-30,2014-10-15,2017-03-23,282,267.0,1.06,5,657.32,-28.7,131.46,-4.37,Repeat Customer,0,0.0,0.0,,Stable,60,High Risk,Churned,1,0,Targeted retention offer,39.03,427,Long Tail
LW-17215,Luke Weiss,Consumer,Central,Michigan,Grand Rapids,2017-12-30,2014-09-12,2017-12-09,21,127.0,0.17,7,5420.51,837.24,774.36,15.45,Loyal Customer,1,54.9,11.7,369.23,Growing,0,Healthy,Active,0,0,Maintain relationship,39.0,428,Long Tail
MG-17875,Michael Grace,Home Office,South,Florida,Fort Lauderdale,2017-12-30,2014-02-23,2017-09-05,116,323.0,0.36,5,1242.83,-470.77,248.57,-37.88,Repeat Customer,0,0.0,147.18,-100.0,Recently Inactive,55,Medium Risk,Inactive,0,1,Monitor and re-engage,38.99,429,Long Tail
RH-19495,Rick Hansen,Consumer,West,Colorado,Denver,2017-12-30,2014-08-23,2017-11-28,32,256.0,0.13,5,3621.38,563.79,724.28,15.57,Repeat Customer,1,88.77,40.9,117.04,Growing,10,Healthy,Watch,0,0,Maintain relationship,38.83,430,Long Tail
LC-17140,Logan Currie,Consumer,Central,Texas,Dallas,2017-12-30,2014-09-09,2017-12-17,13,100.0,0.13,9,2633.58,231.13,292.62,8.78,Loyal Customer,2,94.75,1175.1,-91.94,Sharp Decline,25,Low Risk,Active,0,1,Light-touch nurture,38.79,431,Long Tail
KH-16510,Keith Herrera,Consumer,West,California,San Francisco,2017-12-30,2014-08-15,2017-12-08,22,83.0,0.27,7,5952.86,656.12,850.41,11.02,Loyal Customer,2,4021.24,0.0,,New or Reactivated,0,Healthy,Active,0,0,Maintain relationship,38.72,432,Long Tail
RC-19960,Ryan Crowe,Consumer,South,Florida,Jacksonville,2017-12-30,2014-08-25,2017-09-11,110,167.0,0.66,6,885.75,10.56,147.63,1.19,Loyal Customer,0,0.0,34.5,-100.0,Recently Inactive,55,Medium Risk,Inactive,0,1,Monitor and re-engage,38.72,432,Long Tail
JF-15415,Jennifer Ferguson,Consumer,East,New York,New York City,2017-12-30,2014-06-17,2017-12-28,2,149.0,0.01,6,2371.45,635.64,395.24,26.8,Loyal Customer,1,134.52,1820.21,-92.61,Sharp Decline,20,Low Risk,Active,0,1,Light-touch nurture,38.56,433,Long Tail
TR-21325,Toby Ritter,Consumer,East,New Jersey,Belleville,2017-12-30,2014-12-01,2017-06-20,193,233.0,0.83,5,675.94,220.36,135.19,32.6,Repeat Customer,0,0.0,0.0,,Stable,50,Medium Risk,Churned,1,0,Monitor and re-engage,38.55,434,Long Tail
AR-10345,Alex Russell,Corporate,East,Massachusetts,Lawrence,2017-12-30,2014-12-30,2017-09-10,111,369.0,0.3,4,1055.69,-221.05,263.92,-20.94,Repeat Customer,0,0.0,100.08,-100.0,Recently Inactive,55,Medium Risk,Inactive,0,1,Monitor and re-engage,38.48,435,Long Tail
GB-14575,Giulietta Baptist,Consumer,South,Virginia,Arlington,2017-12-30,2015-06-12,2017-12-17,13,92.0,0.14,5,4716.29,1135.84,943.26,24.08,Repeat Customer,1,544.38,0.0,,New or Reactivated,0,Healthy,Active,0,0,Maintain relationship,38.4,436,Long Tail
MS-17830,Melanie Seite,Consumer,East,Maryland,Baltimore,2017-12-30,2014-01-09,2016-10-04,452,375.0,1.21,4,370.35,19.43,92.59,5.25,Repeat Customer,0,0.0,0.0,,Stable,60,High Risk,Churned,1,0,Targeted retention offer,38.39,437,Long Tail
CS-11860,Cari Schnelling,Consumer,East,New York,New York City,2017-12-30,2014-05-02,2017-07-21,162,294.0,0.55,6,537.63,105.83,89.61,19.68,Loyal Customer,0,0.0,21.3,-100.0,Recently Inactive,55,Medium Risk,Inactive,0,1,Monitor and re-engage,38.14,438,Long Tail
TH-21550,Tracy Hopkins,Home Office,South,North Carolina,Burlington,2017-12-30,2014-04-05,2017-10-19,72,162.0,0.44,7,4234.1,-571.97,604.87,-13.51,Loyal Customer,1,1633.19,394.48,314.01,Growing,25,Low Risk,At Risk,0,0,Light-touch nurture,38.11,439,Long Tail
DC-12850,Dan Campbell,Consumer,Central,Michigan,Roseville,2017-12-30,2014-07-05,2017-11-23,37,109.0,0.34,9,3336.17,-1441.63,370.69,-43.21,Loyal Customer,1,4.36,2439.44,-99.82,Sharp Decline,30,Low Risk,Watch,0,1,Light-touch nurture,38.04,440,Long Tail
DB-13060,Dave Brooks,Consumer,Central,Illinois,Skokie,2017-12-30,2014-03-01,2017-12-14,16,173.0,0.09,7,4531.65,473.03,647.38,10.44,Loyal Customer,1,457.18,323.98,41.11,Growing,5,Healthy,Active,0,0,Maintain relationship,38.03,441,Long Tail
LW-16990,Lindsay Williams,Corporate,West,California,San Francisco,2017-12-30,2016-05-05,2017-11-27,33,86.0,0.38,6,3230.31,662.83,538.38,20.52,Loyal Customer,2,732.28,0.0,,New or Reactivated,10,Healthy,Watch,0,0,Maintain relationship,37.98,442,Long Tail
MH-17455,Mark Hamilton,Consumer,Central,Illinois,Chicago,2017-12-30,2014-07-11,2017-10-06,85,177.0,0.48,8,2456.18,484.77,307.02,19.74,Loyal Customer,1,309.49,130.6,136.98,Growing,20,Low Risk,At Risk,0,0,Light-touch nurture,37.92,443,Long Tail
TP-21130,Theone Pippenger,Consumer,Central,Michigan,Detroit,2017-12-30,2015-04-14,2017-12-22,8,98.0,0.08,9,4454.06,1129.13,494.9,25.35,Loyal Customer,2,2834.98,0.0,,New or Reactivated,0,Healthy,Active,0,0,Maintain relationship,37.89,444,Long Tail
PK-18910,Paul Knutson,Home Office,East,Pennsylvania,Philadelphia,2017-12-30,2014-04-04,2016-09-03,483,662.0,0.73,2,1441.15,-798.71,720.58,-55.42,Repeat Customer,0,0.0,0.0,,Stable,50,Medium Risk,Churned,1,0,Monitor and re-engage,37.88,445,Long Tail
JO-15145,Jack O'Briant,Corporate,West,Washington,Seattle,2017-12-30,2014-01-06,2017-11-03,57,175.0,0.33,9,3254.95,581.4,361.66,17.86,Loyal Customer,2,670.87,0.0,,New or Reactivated,10,Healthy,Watch,0,0,Maintain relationship,37.83,446,Long Tail
KM-16720,Kunst Miller,Consumer,East,Massachusetts,Lowell,2017-12-30,2014-03-30,2017-12-02,28,75.0,0.37,8,4909.47,745.77,613.68,15.19,Loyal Customer,1,1271.17,0.0,,New or Reactivated,0,Healthy,Active,0,0,Maintain relationship,37.77,447,Long Tail
VG-21805,Vivek Grady,Corporate,East,New Jersey,Lakewood,2017-12-30,2014-09-22,2017-03-19,286,273.0,1.05,5,427.37,-52.33,85.47,-12.25,Repeat Customer,0,0.0,0.0,,Stable,60,High Risk,Churned,1,0,Targeted retention offer,37.75,448,Long Tail
VM-21835,Vivian Mathis,Consumer,East,New Hampshire,Nashua,2017-12-30,2014-03-22,2017-09-04,117,270.0,0.43,5,380.69,116.64,76.14,30.64,Repeat Customer,0,0.0,14.82,-100.0,Recently Inactive,55,Medium Risk,Inactive,0,1,Monitor and re-engage,37.68,449,Long Tail
LC-17050,Liz Carlisle,Consumer,Central,Texas,Dallas,2017-12-30,2014-01-31,2017-11-06,54,258.0,0.21,5,2095.06,86.78,419.01,4.14,Repeat Customer,1,30.56,298.0,-89.74,Sharp Decline,35,Low Risk,Watch,0,1,Light-touch nurture,37.65,450,Long Tail
AH-10075,Adam Hart,Corporate,South,Georgia,Atlanta,2017-12-30,2014-11-16,2017-11-26,34,87.0,0.39,10,3250.34,281.19,325.03,8.65,Loyal Customer,2,1182.82,199.49,492.92,Growing,15,Healthy,Watch,0,0,Maintain relationship,37.63,451,Long Tail
BB-10990,Barry Blumstein,Corporate,West,California,Inglewood,2017-12-30,2014-07-27,2017-09-16,105,246.0,0.43,5,744.34,11.58,148.87,1.56,Repeat Customer,0,0.0,14.8,-100.0,Recently Inactive,55,Medium Risk,Inactive,0,1,Monitor and re-engage,37.63,451,Long Tail
GT-14635,Grant Thornton,Corporate,South,North Carolina,Burlington,2017-12-30,2014-06-06,2017-11-04,56,374.0,0.15,3,9351.21,-4108.66,3117.07,-43.94,Repeat Customer,1,8167.42,0.0,,New or Reactivated,15,Healthy,Watch,0,0,Maintain relationship,37.49,452,Long Tail
SC-20380,Shahid Collister,Consumer,South,North Carolina,Burlington,2017-12-30,2014-03-01,2017-11-30,30,108.0,0.28,9,5992.54,236.66,665.84,3.95,Loyal Customer,1,2165.66,89.97,2307.09,Growing,5,Healthy,Active,0,0,Maintain relationship,37.42,453,Long Tail
NZ-18565,Nick Zandusky,Home Office,West,Idaho,Meridian,2017-12-30,2014-08-02,2017-10-06,85,92.0,0.92,9,2488.31,402.42,276.48,16.17,Loyal Customer,1,307.74,151.06,103.72,Growing,20,Low Risk,At Risk,0,0,Light-touch nurture,37.42,453,Long Tail
DM-13345,Denise Monton,Corporate,West,California,San Francisco,2017-12-30,2014-11-03,2017-12-08,22,141.0,0.16,8,4074.47,1319.06,509.31,32.37,Loyal Customer,1,243.58,0.0,,New or Reactivated,0,Healthy,Active,0,0,Maintain relationship,37.41,454,Long Tail
ST-20530,Shui Tom,Consumer,South,Florida,Port Saint Lucie,2017-12-30,2014-02-14,2017-08-27,125,176.0,0.71,7,433.34,84.44,61.91,19.49,Loyal Customer,0,0.0,14.34,-100.0,Recently Inactive,55,Medium Risk,Inactive,0,1,Monitor and re-engage,37.25,455,Long Tail
AI-10855,Arianne Irving,Consumer,South,Virginia,Chesapeake,2017-12-30,2014-04-28,2017-12-17,13,117.0,0.11,10,4375.79,867.73,437.58,19.83,Loyal Customer,2,568.59,6.37,8826.06,Growing,0,Healthy,Active,0,0,Maintain relationship,37.24,456,Long Tail
SZ-20035,Sam Zeldin,Home Office,Central,Michigan,Canton,2017-12-30,2014-09-07,2017-11-25,35,93.0,0.38,11,3625.33,366.43,329.58,10.11,Loyal Customer,2,525.49,424.9,23.67,Growing,10,Healthy,Watch,0,0,Maintain relationship,37.2,457,Long Tail
KH-16330,Katharine Harms,Corporate,East,New York,New York City,2017-12-30,2014-04-01,2017-11-20,40,117.0,0.34,8,3312.86,454.79,414.11,13.73,Loyal Customer,2,647.7,0.0,,New or Reactivated,10,Healthy,Watch,0,0,Maintain relationship,37.13,458,Long Tail
DG-13300,Deirdre Greer,Corporate,East,New York,New York City,2017-12-30,2014-11-01,2017-11-28,32,241.0,0.13,5,3195.82,562.78,639.16,17.61,Repeat Customer,1,2059.85,0.0,,New or Reactivated,10,Healthy,Watch,0,0,Maintain relationship,37.13,458,Long Tail
PB-19210,Phillip Breyer,Corporate,Central,Oklahoma,Tulsa,2017-12-30,2014-11-23,2016-02-11,688,668.0,1.03,2,132.74,21.9,66.37,16.5,Repeat Customer,0,0.0,0.0,,Stable,60,High Risk,Churned,1,0,Targeted retention offer,37.07,459,Long Tail
HJ-14875,Heather Jas,Home Office,Central,Michigan,Detroit,2017-12-30,2015-04-13,2017-08-26,126,260.0,0.48,5,358.1,98.65,71.62,27.55,Repeat Customer,0,0.0,53.72,-100.0,Recently Inactive,55,Medium Risk,Inactive,0,1,Monitor and re-engage,37.04,460,Long Tail
SB-20290,Sean Braxton,Corporate,East,Ohio,Springfield,2017-12-30,2014-05-09,2017-11-13,47,120.0,0.39,7,8057.89,-2082.75,1151.13,-25.85,Loyal Customer,1,725.08,685.26,5.81,Stable,15,Healthy,Watch,0,0,Maintain relationship,37.02,461,Long Tail
AW-10930,Arthur Wiediger,Home Office,Central,Minnesota,Minneapolis,2017-12-30,2014-07-14,2017-11-14,46,122.0,0.38,7,2852.97,-104.55,407.57,-3.66,Loyal Customer,1,15.28,696.08,-97.8,Sharp Decline,30,Low Risk,Watch,0,1,Light-touch nurture,36.99,462,Long Tail
PR-18880,Patrick Ryan,Consumer,West,California,San Francisco,2017-12-30,2014-09-05,2017-11-24,36,160.0,0.23,5,1840.18,247.62,368.04,13.46,Repeat Customer,1,7.78,1520.15,-99.49,Sharp Decline,30,Low Risk,Watch,0,1,Light-touch nurture,36.95,463,Long Tail
DP-13105,Dave Poirier,Corporate,West,Idaho,Meridian,2017-12-30,2015-08-22,2017-12-24,6,99.0,0.06,8,2215.0,563.18,276.88,25.43,Loyal Customer,2,53.87,190.01,-71.65,Sharp Decline,20,Low Risk,Active,0,1,Light-touch nurture,36.93,464,Long Tail
CY-12745,Craig Yedwab,Corporate,Central,Illinois,Chicago,2017-12-30,2014-12-12,2017-10-31,60,158.0,0.38,8,2900.03,60.65,362.5,2.09,Loyal Customer,1,518.68,913.84,-43.24,Declining,25,Low Risk,Watch,0,1,Light-touch nurture,36.86,465,Long Tail
RB-19465,Rick Bensley,Home Office,Central,Nebraska,Fremont,2017-12-30,2014-03-14,2017-12-21,9,94.0,0.1,12,4715.47,640.55,392.96,13.58,Loyal Customer,3,212.73,0.0,,New or Reactivated,0,Healthy,Active,0,0,Maintain relationship,36.75,466,Long Tail
AC-10615,Ann Chong,Corporate,East,New York,Rochester,2017-12-30,2015-09-15,2017-12-24,6,73.0,0.08,5,2537.69,298.83,507.54,11.78,Repeat Customer,1,37.93,2255.87,-98.32,Sharp Decline,20,Low Risk,Active,0,1,Light-touch nurture,36.61,467,Long Tail
JH-15820,John Huston,Consumer,Central,Illinois,Chicago,2017-12-30,2014-05-19,2017-07-09,174,246.0,0.71,6,528.91,26.08,88.15,4.93,Loyal Customer,0,0.0,228.92,-100.0,Recently Inactive,55,Medium Risk,Inactive,0,1,Monitor and re-engage,36.57,468,Long Tail
DW-13540,Don Weiss,Consumer,West,Washington,Seattle,2017-12-30,2016-02-27,2017-09-23,98,108.0,0.91,5,344.08,69.67,68.82,20.25,Repeat Customer,0,0.0,171.43,-100.0,Recently Inactive,55,Medium Risk,Inactive,0,1,Monitor and re-engage,36.51,469,Long Tail
LT-17110,Liz Thompson,Consumer,East,Ohio,Columbus,2017-12-30,2014-06-01,2017-11-26,34,147.0,0.23,8,2936.25,320.97,367.03,10.93,Loyal Customer,1,220.75,70.95,211.13,Growing,15,Healthy,Watch,0,0,Maintain relationship,36.47,470,Long Tail
AG-10300,Aleksandra Gannaway,Corporate,West,California,San Francisco,2017-12-30,2014-04-26,2017-09-03,118,460.0,0.26,4,367.55,59.29,91.89,16.13,Repeat Customer,0,0.0,5.96,-100.0,Recently Inactive,55,Medium Risk,Inactive,0,1,Monitor and re-engage,36.36,471,Long Tail
AS-10090,Adam Shillingsburg,Consumer,South,Virginia,Charlottesville,2017-12-30,2014-09-22,2017-12-02,28,73.0,0.38,9,3255.31,64.54,361.7,1.98,Loyal Customer,1,34.65,684.11,-94.94,Sharp Decline,20,Low Risk,Active,0,1,Light-touch nurture,36.16,472,Long Tail
HA-14905,Helen Abelman,Consumer,West,Colorado,Fort Collins,2017-12-30,2014-06-30,2017-10-22,69,202.0,0.34,7,2163.3,270.86,309.04,12.52,Loyal Customer,1,582.3,296.95,96.09,Growing,25,Low Risk,At Risk,0,0,Light-touch nurture,36.09,473,Long Tail
JD-16015,Joy Daniels,Consumer,East,Ohio,Toledo,2017-12-30,2014-10-04,2017-09-09,112,161.0,0.7,6,385.43,26.76,64.24,6.94,Loyal Customer,0,0.0,161.43,-100.0,Recently Inactive,55,Medium Risk,Inactive,0,1,Monitor and re-engage,35.98,474,Long Tail
AT-10735,Annie Thurman,Consumer,East,New York,New York City,2017-12-30,2014-08-30,2017-12-17,13,120.0,0.11,10,3831.86,974.11,383.19,25.42,Loyal Customer,1,315.9,101.92,209.95,Growing,0,Healthy,Active,0,0,Maintain relationship,35.83,475,Long Tail
SF-20200,Sarah Foster,Consumer,West,Washington,Bellingham,2017-12-30,2014-12-23,2017-11-01,59,112.0,0.53,9,3422.79,286.9,380.31,8.38,Loyal Customer,1,2690.74,218.49,1131.52,Growing,10,Healthy,Watch,0,0,Maintain relationship,35.8,476,Long Tail
AG-10390,Allen Goldenen,Consumer,West,California,Los Angeles,2017-12-30,2014-04-19,2017-09-07,114,265.0,0.43,5,200.95,69.28,40.19,34.48,Repeat Customer,0,0.0,19.76,-100.0,Recently Inactive,55,Medium Risk,Inactive,0,1,Monitor and re-engage,35.62,477,Long Tail
EM-14200,Evan Minnotte,Home Office,Central,Texas,Dallas,2017-12-30,2015-12-20,2017-07-25,158,291.0,0.54,3,366.82,21.77,122.27,5.94,Repeat Customer,0,0.0,298.12,-100.0,Recently Inactive,55,Medium Risk,Inactive,0,1,Monitor and re-engage,35.57,478,Long Tail
VS-21820,Vivek Sundaresam,Consumer,West,California,Los Angeles,2017-12-30,2014-01-07,2017-05-23,221,264.0,0.84,4,1055.98,-262.81,264.0,-24.89,Repeat Customer,0,0.0,0.0,,Stable,50,Medium Risk,Churned,1,0,Monitor and re-engage,35.56,479,Long Tail
RB-19795,Ross Baird,Home Office,East,Pennsylvania,Philadelphia,2017-12-30,2014-06-03,2017-11-28,32,112.0,0.29,8,5633.32,-461.73,704.16,-8.2,Loyal Customer,2,3693.76,0.0,,New or Reactivated,15,Healthy,Watch,0,0,Maintain relationship,35.55,480,Long Tail
VP-21760,Victoria Pisteka,Corporate,South,Tennessee,Columbia,2017-12-30,2014-09-06,2017-10-16,75,131.0,0.57,7,3360.53,-1018.78,480.08,-30.32,Loyal Customer,1,1893.79,0.0,,New or Reactivated,25,Low Risk,At Risk,0,0,Light-touch nurture,35.54,481,Long Tail
ES-14080,Erin Smith,Corporate,East,Ohio,Lakewood,2017-12-30,2014-10-02,2017-12-02,28,91.0,0.31,9,4657.92,246.67,517.55,5.3,Loyal Customer,1,170.92,95.62,78.75,Growing,5,Healthy,Active,0,0,Maintain relationship,35.51,482,Long Tail
MH-18025,Michelle Huthwaite,Consumer,South,Tennessee,Knoxville,2017-12-30,2014-07-08,2017-11-11,49,204.0,0.24,5,2984.95,476.9,596.99,15.98,Repeat Customer,2,1630.43,0.0,,New or Reactivated,10,Healthy,Watch,0,0,Maintain relationship,35.5,483,Long Tail
AC-10420,Alyssa Crouse,Corporate,Central,Texas,Houston,2017-12-30,2014-07-12,2017-05-12,232,388.0,0.6,3,925.8,-62.13,308.6,-6.71,Repeat Customer,0,0.0,0.0,,Stable,50,Medium Risk,Churned,1,0,Monitor and re-engage,35.44,484,Long Tail
SC-20845,Sung Chung,Consumer,West,Colorado,Louisville,2017-12-30,2016-11-11,2017-08-21,131,141.0,0.93,2,280.63,31.18,140.32,11.11,Repeat Customer,0,0.0,266.52,-100.0,Recently Inactive,55,Medium Risk,Inactive,0,1,Monitor and re-engage,35.41,485,Long Tail
MT-17815,Meg Tillman,Consumer,East,New York,New York City,2017-12-30,2015-11-06,2017-11-11,49,123.0,0.4,6,2890.14,509.01,481.69,17.61,Loyal Customer,1,35.48,0.0,,New or Reactivated,10,Healthy,Watch,0,0,Maintain relationship,35.22,486,Long Tail
LH-16750,Larry Hughes,Consumer,South,North Carolina,Charlotte,2017-12-30,2014-09-21,2017-08-01,151,784.0,0.19,3,287.43,12.63,95.81,4.39,Repeat Customer,0,0.0,271.96,-100.0,Recently Inactive,55,Medium Risk,Inactive,0,1,Monitor and re-engage,35.09,487,Long Tail
ML-18265,Muhammed Lee,Consumer,West,Washington,Seattle,2017-12-30,2015-05-31,2017-09-21,100,633.0,0.16,2,162.23,42.66,81.12,26.3,Repeat Customer,0,0.0,151.96,-100.0,Recently Inactive,55,Medium Risk,Inactive,0,1,Monitor and re-engage,35.0,488,Long Tail
EP-13915,Emily Phan,Consumer,West,California,Los Angeles,2017-12-30,2014-07-06,2017-12-18,12,63.0,0.19,17,5478.06,144.96,322.24,2.65,Loyal Customer,6,1279.9,42.62,2903.05,Growing,5,Healthy,Active,0,0,Maintain relationship,34.96,489,Long Tail
HG-15025,Hunter Glantz,Consumer,East,New York,Oceanside,2017-12-30,2014-10-14,2017-12-24,6,175.0,0.03,7,3690.28,804.61,527.18,21.8,Loyal Customer,2,308.14,0.0,,New or Reactivated,0,Healthy,Active,0,0,Maintain relationship,34.96,489,Long Tail
MC-17845,Michael Chen,Consumer,East,New York,New York City,2017-12-30,2014-07-05,2017-12-29,1,147.0,0.01,7,3805.71,698.42,543.67,18.35,Loyal Customer,3,2105.22,0.0,,New or Reactivated,0,Healthy,Active,0,0,Maintain relationship,34.67,490,Long Tail
FM-14290,Frank Merwin,Home Office,South,Kentucky,Richmond,2017-12-30,2014-08-26,2017-11-24,36,94.0,0.38,9,3736.2,198.11,415.13,5.3,Loyal Customer,3,1702.73,283.46,500.69,Growing,10,Healthy,Watch,0,0,Maintain relationship,34.65,491,Long Tail
BD-11560,Brendan Dodson,Home Office,West,California,Fresno,2017-12-30,2015-05-30,2017-03-27,278,333.0,0.83,2,320.54,116.71,160.27,36.41,Repeat Customer,0,0.0,0.0,,Stable,50,Medium Risk,Churned,1,0,Monitor and re-engage,34.63,492,Long Tail
JP-15520,Jeremy Pistek,Consumer,South,Florida,Port Orange,2017-12-30,2014-08-22,2017-12-22,8,122.0,0.07,7,3635.59,757.18,519.37,20.83,Loyal Customer,2,1824.18,0.0,,New or Reactivated,0,Healthy,Active,0,0,Maintain relationship,34.54,493,Long Tail
BP-11155,Becky Pak,Consumer,East,New York,New York City,2017-12-30,2015-06-04,2017-10-02,89,128.0,0.7,6,1697.86,647.38,282.98,38.13,Loyal Customer,1,49.12,18.84,160.72,Growing,20,Low Risk,At Risk,0,0,Light-touch nurture,34.49,494,Long Tail
ZC-21910,Zuschuss Carroll,Consumer,West,California,Los Angeles,2017-12-30,2014-10-13,2017-11-06,54,56.0,0.96,13,8025.71,-1032.15,617.36,-12.86,Loyal Customer,1,29.69,0.0,,New or Reactivated,10,Healthy,Watch,0,0,Maintain relationship,34.42,495,Long Tail
DJ-13510,Don Jones,Corporate,West,Arizona,Tempe,2017-12-30,2014-08-17,2017-11-12,48,148.0,0.32,8,2501.69,345.25,312.71,13.8,Loyal Customer,2,78.34,91.14,-14.04,Stable,15,Healthy,Watch,0,0,Maintain relationship,34.24,496,Long Tail
DK-13090,Dave Kipp,Consumer,East,New York,Long Beach,2017-12-30,2015-03-02,2017-11-18,42,124.0,0.34,7,2650.56,536.39,378.65,20.24,Loyal Customer,3,1210.54,0.0,,New or Reactivated,10,Healthy,Watch,0,0,Maintain relationship,34.1,497,Long Tail
OT-18730,Olvera Toch,Consumer,South,Virginia,Virginia Beach,2017-12-30,2015-04-20,2017-10-26,65,153.0,0.42,5,3818.62,-925.12,763.72,-24.23,Repeat Customer,1,608.43,0.0,,New or Reactivated,20,Low Risk,At Risk,0,0,Light-touch nurture,34.08,498,Long Tail
RA-19915,Russell Applegate,Consumer,West,California,Encinitas,2017-12-30,2014-06-30,2017-12-18,12,90.0,0.13,9,4793.54,304.87,532.62,6.36,Loyal Customer,1,286.49,228.19,25.55,Growing,0,Healthy,Active,0,0,Maintain relationship,34.03,499,Long Tail
JK-16090,Juliana Krohn,Consumer,Central,Nebraska,Omaha,2017-12-30,2015-04-21,2017-12-02,28,179.0,0.16,3,3747.67,586.66,1249.22,15.65,Repeat Customer,2,2854.58,0.0,,New or Reactivated,0,Healthy,Active,0,0,Maintain relationship,33.92,500,Long Tail
DK-12835,Damala Kotsonis,Corporate,Central,Michigan,Detroit,2017-12-30,2014-03-26,2017-12-09,21,78.0,0.27,12,3256.48,881.12,271.37,27.06,Loyal Customer,2,1439.5,122.24,1077.6,Growing,0,Healthy,Active,0,0,Maintain relationship,33.9,501,Long Tail
CC-12475,Cindy Chapman,Consumer,East,Pennsylvania,Philadelphia,2017-12-30,2014-05-16,2017-11-21,39,161.0,0.24,9,1659.44,154.85,184.38,9.33,Loyal Customer,1,47.74,752.86,-93.66,Sharp Decline,30,Low Risk,Watch,0,1,Light-touch nurture,33.83,502,Long Tail
JK-15325,Jason Klamczynski,Corporate,West,California,Los Angeles,2017-12-30,2014-11-21,2017-03-18,287,424.0,0.68,3,383.81,55.33,127.94,14.42,Repeat Customer,0,0.0,0.0,,Stable,50,Medium Risk,Churned,1,0,Monitor and re-engage,33.72,503,Long Tail
DJ-13630,Doug Jacobs,Consumer,East,New York,New York City,2017-12-30,2015-12-14,2017-12-18,12,158.0,0.08,3,3356.4,731.56,1118.8,21.8,Repeat Customer,1,2888.52,0.0,,New or Reactivated,0,Healthy,Active,0,0,Maintain relationship,33.67,504,Long Tail
EB-13705,Ed Braxton,Corporate,East,New York,New York City,2017-12-30,2014-07-08,2017-11-12,48,167.0,0.29,9,3644.98,13.62,405.0,0.37,Loyal Customer,2,965.69,0.0,,New or Reactivated,15,Healthy,Watch,0,0,Maintain relationship,33.63,505,Long Tail
SC-20305,Sean Christensen,Consumer,East,Pennsylvania,Philadelphia,2017-12-30,2014-12-16,2017-12-01,29,147.0,0.2,7,3979.07,229.16,568.44,5.76,Loyal Customer,1,422.91,52.06,712.35,Growing,5,Healthy,Active,0,0,Maintain relationship,33.6,506,Long Tail
ND-18370,Natalie DeCherney,Consumer,South,Florida,Jacksonville,2017-12-30,2014-01-13,2017-12-03,27,125.0,0.22,9,4326.14,353.65,480.68,8.17,Loyal Customer,2,56.55,0.0,,New or Reactivated,0,Healthy,Active,0,0,Maintain relationship,33.59,507,Long Tail
JC-15340,Jasper Cacioppo,Consumer,West,California,Los Angeles,2017-12-30,2014-01-28,2017-09-07,114,659.0,0.17,4,71.26,-0.36,17.82,-0.5,Repeat Customer,0,0.0,47.94,-100.0,Recently Inactive,55,Medium Risk,Inactive,0,1,Monitor and re-engage,33.56,508,Long Tail
FP-14320,Frank Preis,Consumer,West,California,Los Angeles,2017-12-30,2014-12-07,2017-12-07,23,126.0,0.18,8,4046.75,406.45,505.84,10.04,Loyal Customer,2,382.26,0.0,,New or Reactivated,0,Healthy,Active,0,0,Maintain relationship,33.42,509,Long Tail
MC-17635,Matthew Clasen,Corporate,Central,Illinois,Decatur,2017-12-30,2014-11-28,2017-06-24,189,201.0,0.94,4,795.15,-247.94,198.79,-31.18,Repeat Customer,0,0.0,0.0,,Stable,50,Medium Risk,Churned,1,0,Monitor and re-engage,33.36,510,Long Tail
SC-20770,Stewart Carmichael,Corporate,Central,Texas,San Antonio,2017-12-30,2015-06-20,2017-11-19,41,66.0,0.62,7,4492.66,-671.19,641.81,-14.94,Loyal Customer,1,749.89,0.0,,New or Reactivated,15,Healthy,Watch,0,0,Maintain relationship,33.29,511,Long Tail
MP-18175,Mike Pelletier,Home Office,West,California,San Diego,2017-12-30,2014-03-28,2017-12-14,16,113.0,0.14,9,5087.92,226.45,565.32,4.45,Loyal Customer,2,256.73,0.0,,New or Reactivated,0,Healthy,Active,0,0,Maintain relationship,33.2,512,Long Tail
CS-12355,Christine Sundaresam,Consumer,South,Louisiana,Lafayette,2017-12-30,2014-08-15,2017-12-24,6,88.0,0.07,11,3202.16,831.94,291.11,25.98,Loyal Customer,3,794.99,17.47,4450.6,Growing,0,Healthy,Active,0,0,Maintain relationship,33.18,513,Long Tail
HA-14920,Helen Andreada,Consumer,East,Pennsylvania,Philadelphia,2017-12-30,2014-10-11,2017-12-10,20,102.0,0.2,8,2584.16,99.14,323.02,3.84,Loyal Customer,1,14.2,31.07,-54.3,Sharp Decline,20,Low Risk,Active,0,1,Light-touch nurture,33.11,514,Long Tail
MO-17950,Michael Oakman,Consumer,South,North Carolina,Jacksonville,2017-12-30,2015-04-02,2017-07-03,180,411.0,0.44,2,154.29,-82.01,77.14,-53.15,Repeat Customer,0,0.0,24.0,-100.0,Recently Inactive,55,Medium Risk,Inactive,0,1,Monitor and re-engage,33.07,515,Long Tail
XP-21865,Xylona Preis,Consumer,East,Massachusetts,Everett,2017-12-30,2014-01-20,2017-11-17,43,78.0,0.55,11,2374.66,621.23,215.88,26.16,Loyal Customer,4,449.31,0.0,,New or Reactivated,10,Healthy,Watch,0,0,Maintain relationship,33.02,516,Long Tail
BF-11215,Benjamin Farhat,Home Office,Central,Texas,Dallas,2017-12-30,2014-11-09,2017-10-26,65,232.0,0.28,4,1585.16,523.21,396.29,33.01,Repeat Customer,1,55.62,0.0,,New or Reactivated,20,Low Risk,At Risk,0,0,Light-touch nurture,33.02,516,Long Tail
CC-12220,Chris Cortes,Consumer,East,Connecticut,Fairfield,2017-12-30,2014-09-09,2017-12-10,20,85.0,0.24,12,3913.42,393.96,326.12,10.07,Loyal Customer,2,792.42,0.0,,New or Reactivated,0,Healthy,Active,0,0,Maintain relationship,32.95,517,Long Tail
SG-20080,Sandra Glassco,Consumer,Central,Missouri,Independence,2017-12-30,2015-10-31,2017-12-22,8,117.0,0.07,3,3406.58,570.44,1135.53,16.75,Repeat Customer,1,839.43,0.0,,New or Reactivated,0,Healthy,Active,0,0,Maintain relationship,32.93,518,Long Tail
SH-19975,Sally Hughsby,Corporate,West,Washington,Seattle,2017-12-30,2014-12-10,2017-12-01,29,58.0,0.5,13,3406.84,558.47,262.06,16.39,Loyal Customer,2,652.13,188.0,246.88,Growing,0,Healthy,Active,0,0,Maintain relationship,32.84,519,Long Tail
MG-18145,Mike Gockenbach,Consumer,West,California,Los Angeles,2017-12-30,2014-03-29,2017-10-07,84,276.0,0.3,4,3061.54,-93.6,765.39,-3.06,Repeat Customer,1,1324.57,91.03,1355.09,Growing,20,Low Risk,At Risk,0,0,Light-touch nurture,32.77,520,Long Tail
GH-14410,Gary Hansen,Home Office,West,Arizona,Yuma,2017-12-30,2014-07-09,2017-10-16,75,112.0,0.67,9,2819.47,-576.83,313.27,-20.46,Loyal Customer,1,599.99,0.0,,New or Reactivated,25,Low Risk,At Risk,0,0,Light-touch nurture,32.65,521,Long Tail
VM-21685,Valerie Mitchum,Home Office,East,New Jersey,Westfield,2017-12-30,2014-04-07,2017-11-06,54,179.0,0.3,7,2454.87,513.53,350.7,20.92,Loyal Customer,1,46.26,2.91,1489.69,Growing,10,Healthy,Watch,0,0,Maintain relationship,32.55,522,Long Tail
DK-13225,Dean Katz,Corporate,East,New York,Rochester,2017-12-30,2014-03-14,2017-12-20,10,115.0,0.09,9,4802.39,209.9,533.6,4.37,Loyal Customer,1,13.46,0.0,,New or Reactivated,0,Healthy,Active,0,0,Maintain relationship,32.35,523,Long Tail
CS-12505,Cindy Stewart,Consumer,West,California,Los Angeles,2017-12-30,2014-03-26,2017-11-02,58,247.0,0.23,6,5690.06,-6626.39,948.34,-116.46,Loyal Customer,1,168.1,0.0,,New or Reactivated,10,Healthy,Watch,0,0,Maintain relationship,32.23,524,Long Tail
CK-12595,Clytie Kelty,Consumer,South,North Carolina,Charlotte,2017-12-30,2014-12-26,2017-11-17,43,66.0,0.65,11,2372.75,497.71,215.7,20.98,Loyal Customer,2,822.99,0.0,,New or Reactivated,10,Healthy,Watch,0,0,Maintain relationship,32.13,525,Long Tail
BW-11065,Barry Weirich,Consumer,East,Pennsylvania,Philadelphia,2017-12-30,2014-05-25,2017-06-01,212,827.0,0.26,3,385.52,-58.29,128.51,-15.12,Repeat Customer,0,0.0,0.0,,Stable,50,Medium Risk,Churned,1,0,Monitor and re-engage,32.02,526,Long Tail
MG-17650,Matthew Grinstein,Home Office,East,Ohio,Marion,2017-12-30,2014-08-09,2017-12-01,29,140.0,0.21,7,3785.28,341.9,540.75,9.03,Loyal Customer,2,1179.5,113.41,940.03,Growing,0,Healthy,Active,0,0,Maintain relationship,31.87,527,Long Tail
TN-21040,Tanja Norvell,Home Office,West,California,San Francisco,2017-12-30,2014-10-10,2017-10-01,90,148.0,0.61,7,3130.22,-692.05,447.17,-22.11,Loyal Customer,1,104.75,0.0,,New or Reactivated,20,Low Risk,At Risk,0,0,Light-touch nurture,31.56,528,Long Tail
CC-12610,Corey Catlett,Corporate,East,Ohio,Columbus,2017-12-30,2014-08-27,2017-11-26,34,162.0,0.21,7,2540.63,331.43,362.95,13.05,Loyal Customer,1,265.41,0.0,,New or Reactivated,10,Healthy,Watch,0,0,Maintain relationship,31.55,529,Long Tail
LP-17095,Liz Preis,Consumer,Central,Indiana,Lafayette,2017-12-30,2016-06-06,2017-12-21,9,60.0,0.15,7,3653.4,338.45,521.91,9.26,Loyal Customer,1,375.34,177.08,111.96,Growing,0,Healthy,Active,0,0,Maintain relationship,31.53,530,Long Tail
BS-11590,Brendan Sweed,Corporate,South,Kentucky,Louisville,2017-12-30,2014-01-14,2017-11-25,35,235.0,0.15,6,2454.93,381.78,409.15,15.55,Loyal Customer,1,701.96,0.0,,New or Reactivated,10,Healthy,Watch,0,0,Maintain relationship,31.49,531,Long Tail
CK-12205,Chloris Kastensmidt,Consumer,West,Washington,Renton,2017-12-30,2014-03-11,2017-11-21,39,65.0,0.6,13,3154.86,141.28,242.68,4.48,Loyal Customer,1,1242.63,248.39,400.27,Growing,10,Healthy,Watch,0,0,Maintain relationship,31.47,532,Long Tail
FW-14395,Fred Wasserman,Corporate,West,California,Los Angeles,2017-12-30,2015-03-22,2017-01-02,362,489.0,0.74,3,79.75,23.49,26.58,29.46,Repeat Customer,0,0.0,0.0,,Stable,50,Medium Risk,Churned,1,0,Monitor and re-engage,31.32,533,Long Tail
AH-10120,Adrian Hane,Home Office,Central,Texas,Dallas,2017-12-30,2014-07-18,2017-10-31,60,120.0,0.5,7,1735.51,-2.31,247.93,-0.13,Loyal Customer,1,5.25,201.09,-97.39,Sharp Decline,30,Low Risk,Watch,0,1,Light-touch nurture,31.29,534,Long Tail
RO-19780,Rose O'Brian,Consumer,Central,Texas,Houston,2017-12-30,2015-05-12,2017-11-25,35,127.0,0.28,7,3815.48,-1262.57,545.07,-33.09,Loyal Customer,1,1240.42,531.89,133.21,Growing,15,Healthy,Watch,0,0,Maintain relationship,31.19,535,Long Tail
KH-16360,Katherine Hughes,Consumer,South,Kentucky,Louisville,2017-12-30,2014-04-29,2017-12-29,1,155.0,0.01,6,3100.61,528.21,516.77,17.04,Loyal Customer,1,1814.68,0.0,,New or Reactivated,0,Healthy,Active,0,0,Maintain relationship,31.02,536,Long Tail
EB-13750,Edward Becker,Corporate,West,California,Laguna Niguel,2017-12-30,2015-03-12,2017-11-25,35,78.0,0.45,10,3236.31,-80.29,323.63,-2.48,Loyal Customer,2,416.0,0.0,,New or Reactivated,15,Healthy,Watch,0,0,Maintain relationship,31.01,537,Long Tail
CR-12730,Craig Reiter,Consumer,East,New York,New York City,2017-12-30,2014-08-20,2017-10-13,78,345.0,0.23,4,1600.55,306.92,400.14,19.18,Repeat Customer,1,904.9,0.0,,New or Reactivated,20,Low Risk,At Risk,0,0,Light-touch nurture,30.97,538,Long Tail
KS-16300,Karen Seio,Corporate,South,North Carolina,Raleigh,2017-12-30,2015-01-13,2017-03-10,295,393.0,0.75,3,88.47,0.11,29.49,0.13,Repeat Customer,0,0.0,0.0,,Stable,50,Medium Risk,Churned,1,0,Monitor and re-engage,30.94,539,Long Tail
DV-13465,Dianna Vittorini,Consumer,West,Colorado,Denver,2017-12-30,2014-06-22,2017-12-01,29,135.0,0.21,6,3341.59,353.21,556.93,10.57,Loyal Customer,1,1020.26,0.0,,New or Reactivated,0,Healthy,Active,0,0,Maintain relationship,30.85,540,Long Tail
AF-10870,Art Ferguson,Consumer,Central,Texas,College Station,2017-12-30,2015-12-06,2017-11-19,41,71.0,0.58,7,2052.91,317.97,293.27,15.49,Loyal Customer,2,280.39,0.0,,New or Reactivated,15,Healthy,Watch,0,0,Maintain relationship,30.8,541,Long Tail
BT-11680,Brian Thompson,Consumer,South,Florida,Fort Lauderdale,2017-12-30,2014-11-28,2017-12-10,20,87.0,0.23,7,3196.75,447.75,456.68,14.01,Loyal Customer,2,101.36,0.0,,New or Reactivated,0,Healthy,Active,0,0,Maintain relationship,30.78,542,Long Tail
SC-20440,Shaun Chance,Corporate,East,Pennsylvania,Lancaster,2017-12-30,2015-08-17,2017-11-24,36,138.0,0.26,7,1875.0,379.56,267.86,20.24,Loyal Customer,2,462.51,40.18,1051.1,Growing,15,Healthy,Watch,0,0,Maintain relationship,30.76,543,Long Tail
MN-17935,Michael Nguyen,Consumer,East,New York,New York City,2017-12-30,2014-02-16,2017-11-26,34,230.0,0.15,6,2477.95,290.82,412.99,11.74,Loyal Customer,2,1844.22,0.0,,New or Reactivated,10,Healthy,Watch,0,0,Maintain relationship,30.62,544,Long Tail
LH-17020,Lisa Hazard,Consumer,West,Colorado,Louisville,2017-12-30,2014-09-08,2017-05-05,239,291.0,0.82,4,318.24,-242.74,79.56,-76.28,Repeat Customer,0,0.0,0.0,,Stable,50,Medium Risk,Churned,1,0,Monitor and re-engage,30.6,545,Long Tail
SG-20890,Susan Gilcrest,Corporate,Central,Texas,Mcallen,2017-12-30,2014-03-30,2017-05-18,226,429.0,0.53,3,47.95,-3.71,15.98,-7.73,Repeat Customer,0,0.0,0.0,,Stable,50,Medium Risk,Churned,1,0,Monitor and re-engage,30.56,546,Long Tail
BN-11515,Bradley Nguyen,Consumer,West,California,Los Angeles,2017-12-30,2014-03-17,2017-12-21,9,129.0,0.07,5,1459.34,340.71,291.87,23.35,Repeat Customer,1,12.51,114.9,-89.11,Sharp Decline,20,Low Risk,Active,0,1,Light-touch nurture,30.48,547,Long Tail
JR-16210,Justin Ritter,Corporate,Central,Indiana,Columbus,2017-12-30,2015-09-18,2017-11-27,33,134.0,0.25,5,2201.69,452.37,440.34,20.55,Repeat Customer,1,656.22,697.61,-5.93,Stable,10,Healthy,Watch,0,0,Maintain relationship,30.41,548,Long Tail
FO-14305,Frank Olsen,Consumer,Central,Texas,Houston,2017-12-30,2014-06-09,2017-11-22,38,135.0,0.28,10,2678.44,215.6,267.84,8.05,Loyal Customer,2,44.35,0.0,,New or Reactivated,10,Healthy,Watch,0,0,Maintain relationship,30.39,549,Long Tail
TS-21085,Thais Sissman,Consumer,South,Florida,Ormond Beach,2017-12-30,2015-07-19,2017-01-07,357,807.0,0.44,2,4.83,-3.32,2.42,-68.6,Repeat Customer,0,0.0,0.0,,Stable,50,Medium Risk,Churned,1,0,Monitor and re-engage,30.39,549,Long Tail
CS-12250,Chris Selesnick,Corporate,West,California,Los Angeles,2017-12-30,2014-01-13,2017-12-04,26,79.0,0.33,12,2754.22,738.36,229.52,26.81,Loyal Customer,3,442.28,0.0,,New or Reactivated,0,Healthy,Active,0,0,Maintain relationship,30.38,550,Long Tail
SO-20335,Sean O'Donnell,Consumer,West,Washington,Seattle,2017-12-30,2015-10-11,2017-12-01,29,84.0,0.35,6,2602.58,-81.09,433.76,-3.12,Loyal Customer,1,183.82,458.98,-59.95,Sharp Decline,20,Low Risk,Active,0,1,Light-touch nurture,30.37,551,Long Tail
JE-16165,Justin Ellison,Corporate,South,South Carolina,North Charleston,2017-12-30,2016-12-05,2017-12-10,20,93.0,0.22,3,2697.25,789.65,899.08,29.28,Repeat Customer,2,39.44,0.0,,New or Reactivated,0,Healthy,Active,0,0,Maintain relationship,30.32,552,Long Tail
MC-17590,Matt Collister,Corporate,West,California,Coachella,2017-12-30,2014-05-20,2017-11-09,51,119.0,0.43,6,2426.07,288.98,404.34,11.91,Loyal Customer,1,163.55,0.0,,New or Reactivated,10,Healthy,Watch,0,0,Maintain relationship,30.18,553,Long Tail
AS-10285,Alejandro Savely,Corporate,Central,Illinois,Palatine,2017-12-30,2016-05-21,2017-12-11,19,122.0,0.16,6,3214.24,354.63,535.71,11.03,Loyal Customer,1,116.31,0.0,,New or Reactivated,0,Healthy,Active,0,0,Maintain relationship,30.02,554,Long Tail
NG-18355,Nat Gilpin,Corporate,East,Ohio,Newark,2017-12-30,2014-11-24,2017-11-12,48,108.0,0.44,5,1869.58,313.63,373.92,16.78,Repeat Customer,1,370.78,283.77,30.66,Growing,15,Healthy,Watch,0,0,Maintain relationship,29.81,555,Long Tail
MM-17920,Michael Moore,Consumer,Central,Texas,College Station,2017-12-30,2014-01-13,2017-12-23,7,144.0,0.05,11,3794.08,82.13,344.92,2.16,Loyal Customer,2,94.66,19.04,397.16,Growing,5,Healthy,Active,0,0,Maintain relationship,29.8,556,Long Tail
BS-11755,Bruce Stewart,Consumer,West,Washington,Edmonds,2017-12-30,2014-05-18,2017-12-29,1,152.0,0.01,7,2562.38,-113.3,366.05,-4.42,Loyal Customer,1,88.06,186.78,-52.85,Sharp Decline,20,Low Risk,Active,0,1,Light-touch nurture,29.78,557,Long Tail
BG-11035,Barry Gonzalez,Consumer,South,North Carolina,Greensboro,2017-12-30,2014-11-05,2017-12-02,28,153.0,0.18,8,2798.95,-711.43,349.87,-25.42,Loyal Customer,2,38.34,659.9,-94.19,Sharp Decline,20,Low Risk,Active,0,1,Light-touch nurture,29.76,558,Long Tail
SU-20665,Stephanie Ulpright,Home Office,South,Mississippi,Jackson,2017-12-30,2015-12-05,2017-12-10,20,65.0,0.31,7,2595.36,763.47,370.77,29.42,Loyal Customer,1,684.78,215.98,217.06,Growing,0,Healthy,Active,0,0,Maintain relationship,29.74,559,Long Tail
MC-17575,Matt Collins,Consumer,South,North Carolina,Fayetteville,2017-12-30,2014-12-02,2017-12-03,27,165.0,0.16,8,1303.89,210.75,162.99,16.16,Loyal Customer,1,98.45,244.55,-59.74,Sharp Decline,25,Low Risk,Active,0,1,Light-touch nurture,29.73,560,Long Tail
DL-12925,Daniel Lacy,Consumer,Central,Minnesota,Eagan,2017-12-30,2014-09-09,2017-11-03,57,133.0,0.43,6,3272.2,4.21,545.37,0.13,Loyal Customer,1,75.9,0.0,,New or Reactivated,10,Healthy,Watch,0,0,Maintain relationship,29.52,561,Long Tail
LW-16825,Laurel Workman,Corporate,Central,Texas,Pasadena,2017-12-30,2014-05-30,2017-10-03,88,131.0,0.67,5,2238.06,32.58,447.61,1.46,Repeat Customer,1,20.64,0.0,,New or Reactivated,20,Low Risk,At Risk,0,0,Light-touch nurture,29.44,562,Long Tail
SS-20140,Saphhira Shifley,Corporate,Central,Illinois,Oak Park,2017-12-30,2014-11-23,2017-12-15,15,84.0,0.18,8,1324.03,332.35,165.5,25.1,Loyal Customer,2,73.11,997.83,-92.67,Sharp Decline,20,Low Risk,Active,0,1,Light-touch nurture,29.27,563,Long Tail
CD-11920,Carlos Daly,Consumer,East,New York,New York City,2017-12-30,2014-03-24,2017-11-20,40,251.0,0.16,5,2033.97,426.66,406.79,20.98,Repeat Customer,1,1559.67,0.0,,New or Reactivated,10,Healthy,Watch,0,0,Maintain relationship,29.13,564,Long Tail
JH-15985,Joseph Holt,Consumer,Central,Michigan,Saginaw,2017-12-30,2014-08-09,2017-12-01,29,140.0,0.21,6,7955.0,-644.7,1325.83,-8.1,Loyal Customer,1,376.1,0.0,,New or Reactivated,0,Healthy,Active,0,0,Maintain relationship,29.11,565,Long Tail
DB-13615,Doug Bickford,Consumer,South,North Carolina,Asheville,2017-12-30,2014-09-30,2017-11-27,33,173.0,0.19,7,1989.05,438.8,284.15,22.06,Loyal Customer,1,52.34,55.86,-6.3,Stable,10,Healthy,Watch,0,0,Maintain relationship,29.09,566,Long Tail
JM-15250,Janet Martin,Consumer,South,North Carolina,Charlotte,2017-12-30,2016-03-29,2017-11-23,37,50.0,0.74,6,3159.12,19.82,526.52,0.63,Loyal Customer,2,378.5,418.3,-9.51,Stable,10,Healthy,Watch,0,0,Maintain relationship,29.07,567,Long Tail
CC-12430,Chuck Clark,Home Office,Central,Indiana,Columbus,2017-12-30,2015-09-06,2017-12-30,0,71.0,0.0,10,2870.05,424.66,287.01,14.8,Loyal Customer,3,712.1,0.0,,New or Reactivated,0,Healthy,Active,0,0,Maintain relationship,28.75,568,Long Tail
TH-21115,Thea Hudgings,Corporate,East,Pennsylvania,Philadelphia,2017-12-30,2014-09-23,2017-11-02,58,213.0,0.27,4,2942.77,-252.55,735.69,-8.58,Repeat Customer,1,891.5,0.0,,New or Reactivated,15,Healthy,Watch,0,0,Maintain relationship,28.7,569,Long Tail
BD-11620,Brian DeCherney,Consumer,Central,Oklahoma,Lawton,2017-12-30,2014-06-30,2017-10-22,69,259.0,0.27,6,1538.11,206.76,256.35,13.44,Loyal Customer,1,582.07,0.0,,New or Reactivated,20,Low Risk,At Risk,0,0,Light-touch nurture,28.7,569,Long Tail
JM-15265,Janet Molinari,Corporate,Central,Michigan,Canton,2017-12-30,2014-08-25,2017-11-23,37,148.0,0.25,5,1804.15,502.61,360.83,27.86,Repeat Customer,1,316.32,0.0,,New or Reactivated,10,Healthy,Watch,0,0,Maintain relationship,28.63,570,Long Tail
VB-21745,Victoria Brennan,Corporate,South,Kentucky,Richmond,2017-12-30,2015-07-17,2017-11-06,54,141.0,0.38,6,2005.6,371.24,334.27,18.51,Loyal Customer,1,5.78,0.0,,New or Reactivated,10,Healthy,Watch,0,0,Maintain relationship,28.6,571,Long Tail
AH-10195,Alan Haines,Corporate,Central,Illinois,Chicago,2017-12-30,2015-03-05,2017-11-05,55,209.0,0.26,4,1587.45,-378.55,396.86,-23.85,Repeat Customer,1,16.03,28.42,-43.6,Declining,30,Low Risk,Watch,0,1,Light-touch nurture,28.34,572,Long Tail
BS-11380,Bill Stewart,Corporate,West,Colorado,Denver,2017-12-30,2014-11-29,2017-12-02,28,137.0,0.2,5,3887.83,-17.53,777.57,-0.45,Repeat Customer,2,3041.92,0.0,,New or Reactivated,5,Healthy,Active,0,0,Maintain relationship,28.25,573,Long Tail
RB-19435,Richard Bierner,Consumer,East,New Jersey,Plainfield,2017-12-30,2014-03-11,2017-12-11,19,137.0,0.14,8,2663.09,477.24,332.89,17.92,Loyal Customer,2,821.89,0.0,,New or Reactivated,0,Healthy,Active,0,0,Maintain relationship,28.17,574,Long Tail
PG-18895,Paul Gonzalez,Consumer,West,California,San Francisco,2017-12-30,2014-05-11,2017-11-03,57,119.0,0.48,9,1987.16,334.52,220.8,16.83,Loyal Customer,2,62.03,0.0,,New or Reactivated,10,Healthy,Watch,0,0,Maintain relationship,28.09,575,Long Tail
AP-10720,Anne Pryor,Home Office,East,New York,New York City,2017-12-30,2014-03-03,2017-11-19,41,113.0,0.36,8,1638.55,285.79,204.82,17.44,Loyal Customer,1,138.38,0.0,,New or Reactivated,15,Healthy,Watch,0,0,Maintain relationship,28.09,575,Long Tail
TB-21625,Trudy Brown,Consumer,East,Pennsylvania,Philadelphia,2017-12-30,2014-08-06,2017-11-30,30,130.0,0.23,9,2797.67,379.88,310.85,13.58,Loyal Customer,2,1123.12,0.0,,New or Reactivated,0,Healthy,Active,0,0,Maintain relationship,28.01,576,Long Tail
TS-21610,Troy Staebel,Consumer,West,Arizona,Phoenix,2017-12-30,2014-08-16,2017-11-05,55,177.0,0.31,7,2820.42,-294.7,402.92,-10.45,Loyal Customer,2,416.95,0.0,,New or Reactivated,15,Healthy,Watch,0,0,Maintain relationship,27.66,577,Long Tail
VW-21775,Victoria Wilson,Corporate,West,California,San Francisco,2017-12-30,2014-05-11,2017-12-02,28,115.0,0.24,10,6134.04,-874.66,613.4,-14.26,Loyal Customer,2,1925.74,0.0,,New or Reactivated,0,Healthy,Active,0,0,Maintain relationship,27.6,578,Long Tail
LS-16975,Lindsay Shagiari,Home Office,Central,Nebraska,Omaha,2017-12-30,2014-10-20,2017-12-10,20,82.0,0.24,9,2988.67,262.64,332.07,8.79,Loyal Customer,3,1362.6,0.0,,New or Reactivated,0,Healthy,Active,0,0,Maintain relationship,27.6,578,Long Tail
KD-16345,Katherine Ducich,Consumer,West,California,Westminster,2017-12-30,2014-09-02,2017-11-19,41,196.0,0.21,6,1888.96,328.59,314.83,17.4,Loyal Customer,1,31.97,0.0,,New or Reactivated,10,Healthy,Watch,0,0,Maintain relationship,27.54,579,Long Tail
EB-14170,Evan Bailliet,Consumer,South,North Carolina,Wilmington,2017-12-30,2014-09-29,2017-10-09,82,276.0,0.3,6,1186.33,282.17,197.72,23.79,Loyal Customer,1,10.82,0.0,,New or Reactivated,20,Low Risk,At Risk,0,0,Light-touch nurture,27.38,580,Long Tail
KL-16555,Kelly Lampkin,Corporate,South,Arkansas,Fayetteville,2017-12-30,2014-06-15,2017-12-14,16,91.0,0.18,8,5016.49,-182.78,627.06,-3.64,Loyal Customer,2,2088.27,97.06,2051.52,Growing,0,Healthy,Active,0,0,Maintain relationship,27.18,581,Long Tail
DB-12910,Daniel Byrd,Home Office,West,California,Salinas,2017-12-30,2014-10-24,2017-12-09,21,156.0,0.13,8,2171.6,431.37,271.45,19.86,Loyal Customer,2,193.92,184.66,5.01,Stable,5,Healthy,Active,0,0,Maintain relationship,27.11,582,Long Tail
JP-15460,Jennifer Patt,Corporate,Central,Texas,Dallas,2017-12-30,2014-08-24,2017-11-23,37,127.0,0.29,7,1669.14,429.75,238.45,25.75,Loyal Customer,1,248.48,0.0,,New or Reactivated,10,Healthy,Watch,0,0,Maintain relationship,27.04,583,Long Tail
KM-16225,Kalyca Meade,Corporate,West,California,Sunnyvale,2017-12-30,2015-07-06,2017-12-16,14,75.0,0.19,6,2260.96,635.11,376.83,28.09,Loyal Customer,3,468.88,0.0,,New or Reactivated,0,Healthy,Active,0,0,Maintain relationship,26.86,584,Long Tail
PO-18865,Patrick O'Donnell,Consumer,East,New York,New York City,2017-12-30,2014-03-23,2017-12-30,0,172.0,0.0,7,2493.21,437.85,356.17,17.56,Loyal Customer,2,498.64,338.86,47.15,Growing,0,Healthy,Active,0,0,Maintain relationship,26.75,585,Long Tail
JR-15700,Jocasta Rupert,Consumer,South,Florida,Jacksonville,2017-12-30,2017-10-23,2017-10-23,68,90.0,0.76,1,863.88,107.99,863.88,12.5,One-Time Customer,1,863.88,0.0,,New or Reactivated,30,Low Risk,At Risk,0,0,Light-touch nurture,26.71,586,Long Tail
CD-12280,Christina DeMoss,Consumer,West,Washington,Seattle,2017-12-30,2017-11-05,2017-11-18,42,30.0,1.4,2,1205.58,233.03,602.79,19.33,Repeat Customer,2,1205.58,0.0,,New or Reactivated,20,Low Risk,Watch,0,0,Light-touch nurture,26.57,587,Long Tail
PS-18970,Paul Stevenson,Home Office,Central,Oklahoma,Tulsa,2017-12-30,2014-04-15,2017-10-22,69,161.0,0.43,8,1278.64,198.51,159.83,15.53,Loyal Customer,2,56.42,0.0,,New or Reactivated,20,Low Risk,At Risk,0,0,Light-touch nurture,26.36,588,Long Tail
LH-16900,Lena Hernandez,Consumer,Central,Illinois,Park Ridge,2017-12-30,2014-08-19,2017-12-09,21,129.0,0.16,9,2295.33,526.07,255.04,22.92,Loyal Customer,1,143.86,171.43,-16.08,Stable,0,Healthy,Active,0,0,Maintain relationship,26.35,589,Long Tail
SV-20815,Stuart Van,Corporate,West,Utah,Orem,2017-12-30,2015-05-04,2017-10-15,76,269.0,0.28,4,1271.09,199.65,317.77,15.71,Repeat Customer,1,11.68,0.0,,New or Reactivated,20,Low Risk,At Risk,0,0,Light-touch nurture,26.34,590,Long Tail
GG-14650,Greg Guthrie,Corporate,West,Washington,Seattle,2017-12-30,2014-10-31,2017-11-17,43,73.0,0.59,9,2224.0,12.7,247.11,0.57,Loyal Customer,3,821.35,0.0,,New or Reactivated,15,Healthy,Watch,0,0,Maintain relationship,26.24,591,Long Tail
RA-19945,Ryan Akin,Consumer,Central,Texas,Dallas,2017-12-30,2014-08-29,2017-10-30,61,217.0,0.28,5,1686.92,-445.7,337.38,-26.42,Repeat Customer,1,321.39,0.0,,New or Reactivated,25,Low Risk,At Risk,0,0,Light-touch nurture,25.97,592,Long Tail
CS-12400,Christopher Schild,Home Office,Central,North Dakota,Fargo,2017-12-30,2014-09-26,2017-12-28,2,137.0,0.01,9,3651.86,-342.8,405.76,-9.39,Loyal Customer,2,258.76,303.68,-14.79,Stable,5,Healthy,Active,0,0,Maintain relationship,25.79,593,Long Tail
RP-19855,Roy Phan,Corporate,Central,Texas,Houston,2017-12-30,2014-04-05,2017-12-02,28,143.0,0.2,8,2170.72,594.59,271.34,27.39,Loyal Customer,1,12.16,0.0,,New or Reactivated,0,Healthy,Active,0,0,Maintain relationship,25.73,594,Long Tail
AB-10165,Alan Barnes,Consumer,West,Washington,Bellevue,2017-12-30,2014-11-16,2017-12-05,25,129.0,0.19,8,1113.84,220.81,139.23,19.82,Loyal Customer,1,39.79,163.96,-75.73,Sharp Decline,20,Low Risk,Active,0,1,Light-touch nurture,25.7,595,Long Tail
CK-12760,Cyma Kinney,Corporate,Central,Illinois,Aurora,2017-12-30,2014-02-07,2017-10-09,82,155.0,0.53,9,1582.11,-338.43,175.79,-21.39,Loyal Customer,1,719.1,0.0,,New or Reactivated,25,Low Risk,At Risk,0,0,Light-touch nurture,25.63,596,Long Tail
DB-13120,David Bremer,Corporate,West,California,Santa Clara,2017-12-30,2015-05-01,2017-11-12,48,107.0,0.45,7,2973.09,-1421.77,424.73,-47.82,Loyal Customer,1,10.56,0.0,,New or Reactivated,10,Healthy,Watch,0,0,Maintain relationship,25.1,597,Long Tail
DB-13660,Duane Benoit,Consumer,East,New York,Oceanside,2017-12-30,2014-06-17,2017-12-18,12,213.0,0.06,7,1155.2,177.67,165.03,15.38,Loyal Customer,1,18.96,878.82,-97.84,Sharp Decline,20,Low Risk,Active,0,1,Light-touch nurture,25.04,598,Long Tail
CR-12820,Cyra Reiten,Home Office,East,New York,New York City,2017-12-30,2015-01-24,2017-10-06,85,246.0,0.35,3,1397.87,83.27,465.96,5.96,Repeat Customer,1,681.91,0.0,,New or Reactivated,20,Low Risk,At Risk,0,0,Light-touch nurture,25.02,599,Long Tail
DS-13180,David Smith,Corporate,Central,Texas,San Antonio,2017-12-30,2014-04-28,2017-12-07,23,104.0,0.22,9,2881.81,163.7,320.2,5.68,Loyal Customer,1,19.1,0.0,,New or Reactivated,0,Healthy,Active,0,0,Maintain relationship,24.99,600,Long Tail
KN-16450,Kean Nguyen,Corporate,East,Maryland,Baltimore,2017-12-30,2014-04-12,2017-11-08,52,280.0,0.19,5,2171.96,114.31,434.39,5.26,Repeat Customer,1,274.2,0.0,,New or Reactivated,10,Healthy,Watch,0,0,Maintain relationship,24.98,601,Long Tail
GB-14530,George Bell,Corporate,East,New York,Auburn,2017-12-30,2014-04-28,2017-10-29,62,101.0,0.61,11,1568.44,7.84,142.59,0.5,Loyal Customer,1,46.96,0.0,,New or Reactivated,20,Low Risk,At Risk,0,0,Light-touch nurture,24.92,602,Long Tail
FG-14260,Frank Gastineau,Home Office,East,New York,New York City,2017-12-30,2014-05-21,2017-11-26,34,193.0,0.18,7,1383.14,394.74,197.59,28.54,Loyal Customer,3,333.72,303.31,10.03,Stable,10,Healthy,Watch,0,0,Maintain relationship,24.81,603,Long Tail
TZ-21580,Tracy Zic,Consumer,West,California,San Francisco,2017-12-30,2014-11-11,2017-11-25,35,208.0,0.17,4,1707.29,224.89,426.82,13.17,Repeat Customer,1,5.16,0.0,,New or Reactivated,10,Healthy,Watch,0,0,Maintain relationship,24.62,604,Long Tail
HE-14800,Harold Engle,Corporate,Central,Wisconsin,Milwaukee,2017-12-30,2016-01-30,2017-12-18,12,103.0,0.12,4,883.53,274.4,220.88,31.06,Repeat Customer,1,129.29,469.66,-72.47,Sharp Decline,20,Low Risk,Active,0,1,Light-touch nurture,24.62,604,Long Tail
NL-18310,Nancy Lomonaco,Home Office,West,California,Danville,2017-12-30,2014-10-31,2017-11-02,58,183.0,0.32,4,1418.09,343.64,354.52,24.23,Repeat Customer,1,1158.88,0.0,,New or Reactivated,10,Healthy,Watch,0,0,Maintain relationship,24.57,605,Long Tail
BP-11050,Barry Pond,Corporate,East,Rhode Island,Cranston,2017-12-30,2014-10-12,2017-10-08,83,273.0,0.3,5,983.42,209.78,196.68,21.33,Repeat Customer,1,42.76,0.0,,New or Reactivated,20,Low Risk,At Risk,0,0,Light-touch nurture,24.37,606,Long Tail
PH-18790,Patricia Hirasaki,Home Office,South,Florida,Lakeland,2017-12-30,2017-10-21,2017-10-21,70,90.0,0.78,1,729.65,47.89,729.65,6.56,One-Time Customer,1,729.65,0.0,,New or Reactivated,30,Low Risk,At Risk,0,0,Light-touch nurture,24.31,607,Long Tail
IG-15085,Ivan Gibson,Consumer,South,Arkansas,Little Rock,2017-12-30,2014-10-18,2017-10-20,71,275.0,0.26,4,744.57,320.5,186.14,43.04,Repeat Customer,1,199.17,0.0,,New or Reactivated,20,Low Risk,At Risk,0,0,Light-touch nurture,24.3,608,Long Tail
FM-14215,Filia McAdams,Corporate,East,Connecticut,Middletown,2017-12-30,2014-03-11,2017-12-23,7,148.0,0.05,10,2456.64,249.68,245.66,10.16,Loyal Customer,1,181.95,0.0,,New or Reactivated,0,Healthy,Active,0,0,Maintain relationship,24.23,609,Long Tail
KE-16420,Katrina Edelman,Corporate,East,Pennsylvania,Philadelphia,2017-12-30,2014-04-03,2017-12-04,26,144.0,0.18,8,1686.73,397.88,210.84,23.59,Loyal Customer,2,279.14,0.0,,New or Reactivated,5,Healthy,Active,0,0,Maintain relationship,24.2,610,Long Tail
MY-17380,Maribeth Yedwab,Corporate,Central,Texas,San Antonio,2017-12-30,2015-10-26,2017-12-01,29,96.0,0.3,7,2254.29,319.12,322.04,14.16,Loyal Customer,3,634.19,63.31,901.72,Growing,0,Healthy,Active,0,0,Maintain relationship,24.02,611,Long Tail
EC-14050,Erin Creighton,Consumer,Central,Oklahoma,Oklahoma City,2017-12-30,2014-12-17,2017-11-07,53,264.0,0.2,5,461.91,96.43,92.38,20.88,Repeat Customer,1,38.16,93.52,-59.2,Sharp Decline,30,Low Risk,Watch,0,1,Light-touch nurture,23.91,612,Long Tail
PJ-18835,Patrick Jones,Corporate,West,California,San Francisco,2017-12-30,2014-05-28,2017-11-21,39,159.0,0.25,8,1220.09,442.14,152.51,36.24,Loyal Customer,2,78.9,0.0,,New or Reactivated,10,Healthy,Watch,0,0,Maintain relationship,23.87,613,Long Tail
CR-12580,Clay Rozendal,Home Office,West,California,San Diego,2017-12-30,2016-04-18,2017-11-03,57,169.0,0.34,4,2148.85,74.4,537.21,3.46,Repeat Customer,1,1872.93,0.0,,New or Reactivated,10,Healthy,Watch,0,0,Maintain relationship,23.83,614,Long Tail
ML-17755,Max Ludwig,Home Office,West,California,Stockton,2017-12-30,2016-08-04,2017-12-01,29,60.0,0.48,7,2071.91,409.51,295.99,19.76,Loyal Customer,3,1303.94,0.0,,New or Reactivated,0,Healthy,Active,0,0,Maintain relationship,23.72,615,Long Tail
KA-16525,Kelly Andreada,Consumer,East,New York,New York City,2017-12-30,2014-03-11,2017-11-24,36,203.0,0.18,7,1519.51,234.92,217.07,15.46,Loyal Customer,2,802.79,0.0,,New or Reactivated,10,Healthy,Watch,0,0,Maintain relationship,23.7,616,Long Tail
HG-14965,Henry Goldwyn,Corporate,Central,Illinois,Chicago,2017-12-30,2014-09-20,2017-12-07,23,110.0,0.21,12,3247.64,-2797.96,270.64,-86.15,Loyal Customer,2,2155.06,0.0,,New or Reactivated,5,Healthy,Active,0,0,Maintain relationship,23.61,617,Long Tail
SW-20245,Scot Wooten,Consumer,Central,Illinois,Aurora,2017-12-30,2014-07-20,2017-10-10,81,196.0,0.41,7,1085.08,-19.61,155.01,-1.81,Loyal Customer,1,239.36,0.0,,New or Reactivated,25,Low Risk,At Risk,0,0,Light-touch nurture,23.59,618,Long Tail
JB-16045,Julia Barnett,Home Office,East,Connecticut,Danbury,2017-12-30,2015-05-03,2017-12-23,7,181.0,0.04,5,2518.12,201.52,503.62,8.0,Repeat Customer,1,27.46,0.0,,New or Reactivated,0,Healthy,Active,0,0,Maintain relationship,23.55,619,Long Tail
MO-17500,Mary O'Rourke,Consumer,Central,Illinois,Chicago,2017-12-30,2014-11-28,2017-10-19,72,396.0,0.18,4,922.49,59.36,230.62,6.43,Repeat Customer,1,91.28,0.0,,New or Reactivated,25,Low Risk,At Risk,0,0,Light-touch nurture,23.51,620,Long Tail
PC-18745,Pamela Coakley,Corporate,West,Colorado,Loveland,2017-12-30,2014-12-31,2017-12-28,2,410.0,0.0,4,1832.06,272.69,458.02,14.88,Repeat Customer,1,1.19,0.0,,New or Reactivated,5,Healthy,Active,0,0,Maintain relationship,23.5,621,Long Tail
MB-17305,Maria Bertelson,Consumer,West,Washington,Longview,2017-12-30,2014-08-08,2017-11-12,48,99.0,0.48,10,1548.7,212.43,154.87,13.72,Loyal Customer,2,415.56,129.39,221.17,Growing,10,Healthy,Watch,0,0,Maintain relationship,23.41,622,Long Tail
BG-11695,Brooke Gillingham,Corporate,Central,Kansas,Garden City,2017-12-30,2014-05-11,2017-11-24,36,277.0,0.13,6,1874.17,107.57,312.36,5.74,Loyal Customer,1,33.29,29.33,13.5,Stable,10,Healthy,Watch,0,0,Maintain relationship,23.28,623,Long Tail
LF-17185,Luke Foster,Consumer,West,California,Inglewood,2017-12-30,2014-07-26,2017-12-08,22,123.0,0.18,7,3930.51,-3583.98,561.5,-91.18,Loyal Customer,1,218.81,0.0,,New or Reactivated,0,Healthy,Active,0,0,Maintain relationship,23.25,624,Long Tail
NC-18415,Nathan Cano,Consumer,Central,Texas,Houston,2017-12-30,2014-05-03,2017-11-19,41,150.0,0.27,6,2218.99,-2204.81,369.83,-99.36,Loyal Customer,1,1729.29,0.0,,New or Reactivated,15,Healthy,Watch,0,0,Maintain relationship,23.08,625,Long Tail
HP-14815,Harold Pawlan,Home Office,East,New York,New York City,2017-12-30,2014-05-06,2017-11-30,30,217.0,0.14,7,1990.31,373.86,284.33,18.78,Loyal Customer,1,1311.37,0.0,,New or Reactivated,0,Healthy,Active,0,0,Maintain relationship,23.08,625,Long Tail
DW-13195,David Wiener,Corporate,West,Oregon,Redmond,2017-12-30,2014-01-18,2017-10-22,69,257.0,0.27,6,1080.75,-86.87,180.13,-8.04,Loyal Customer,1,177.23,27.18,552.06,Growing,25,Low Risk,At Risk,0,0,Light-touch nurture,22.91,626,Long Tail
TD-20995,Tamara Dahlen,Consumer,East,Pennsylvania,Philadelphia,2017-12-30,2014-05-19,2017-11-23,37,128.0,0.29,9,1434.55,88.19,159.39,6.15,Loyal Customer,2,52.82,46.16,14.43,Stable,15,Healthy,Watch,0,0,Maintain relationship,22.81,627,Long Tail
MF-18250,Monica Federle,Corporate,South,Arkansas,Little Rock,2017-12-30,2014-09-15,2017-12-23,7,163.0,0.04,5,1758.3,456.86,351.66,25.98,Repeat Customer,1,1152.87,0.0,,New or Reactivated,0,Healthy,Active,0,0,Maintain relationship,22.59,628,Long Tail
SW-20275,Scott Williamson,Consumer,South,Mississippi,Jackson,2017-12-30,2014-03-10,2017-11-30,30,340.0,0.09,6,1966.65,332.87,327.78,16.93,Loyal Customer,3,1012.5,0.0,,New or Reactivated,0,Healthy,Active,0,0,Maintain relationship,22.45,629,Long Tail
MC-18100,Mick Crebagga,Consumer,West,California,Los Angeles,2017-12-30,2014-06-18,2017-11-19,41,104.0,0.39,10,2218.98,-64.17,221.9,-2.89,Loyal Customer,2,805.18,40.68,1879.3,Growing,10,Healthy,Watch,0,0,Maintain relationship,22.37,630,Long Tail
NG-18430,Nathan Gelder,Consumer,Central,Texas,Austin,2017-12-30,2014-11-24,2017-11-12,48,203.0,0.24,5,1395.94,217.09,279.19,15.55,Repeat Customer,1,779.16,0.0,,New or Reactivated,10,Healthy,Watch,0,0,Maintain relationship,22.28,631,Long Tail
RB-19330,Randy Bradley,Consumer,Central,Texas,Austin,2017-12-30,2014-11-17,2017-10-23,68,321.0,0.21,2,1008.2,-164.41,504.1,-16.31,Repeat Customer,1,337.82,0.0,,New or Reactivated,25,Low Risk,At Risk,0,0,Light-touch nurture,21.79,632,Long Tail
DB-13210,Dean Braden,Consumer,East,New Jersey,Paterson,2017-12-30,2015-03-22,2017-12-21,9,75.0,0.12,10,2332.58,169.97,233.26,7.29,Loyal Customer,3,791.67,0.0,,New or Reactivated,0,Healthy,Active,0,0,Maintain relationship,21.75,633,Long Tail
CC-12670,Craig Carreira,Consumer,East,New York,New York City,2017-12-30,2014-12-23,2017-12-01,29,124.0,0.23,7,2269.7,187.84,324.24,8.28,Loyal Customer,1,259.44,0.0,,New or Reactivated,0,Healthy,Active,0,0,Maintain relationship,21.72,634,Long Tail
AH-10030,Aaron Hawkins,Corporate,East,Pennsylvania,Philadelphia,2017-12-30,2014-04-22,2017-12-18,12,200.0,0.06,7,1744.7,365.22,249.24,20.93,Loyal Customer,1,18.7,0.0,,New or Reactivated,0,Healthy,Active,0,0,Maintain relationship,21.68,635,Long Tail
CB-12415,Christy Brittain,Consumer,Central,Illinois,Chicago,2017-12-30,2015-11-05,2017-12-04,26,104.0,0.25,8,1949.2,272.39,243.65,13.97,Loyal Customer,2,208.39,0.0,,New or Reactivated,0,Healthy,Active,0,0,Maintain relationship,21.41,636,Long Tail
CM-12115,Chad McGuire,Consumer,West,California,Los Angeles,2017-12-30,2015-03-29,2017-12-22,8,250.0,0.03,4,1661.61,409.07,415.4,24.62,Repeat Customer,2,861.57,0.0,,New or Reactivated,0,Healthy,Active,0,0,Maintain relationship,21.37,637,Long Tail
LS-17245,Lynn Smith,Consumer,Central,Missouri,Gladstone,2017-12-30,2014-10-16,2017-11-26,34,155.0,0.22,6,1008.14,348.36,168.02,34.55,Loyal Customer,1,164.34,0.0,,New or Reactivated,10,Healthy,Watch,0,0,Maintain relationship,21.35,638,Long Tail
CS-11950,Carlos Soltero,Consumer,East,New York,New York City,2017-12-30,2014-06-08,2017-12-05,25,91.0,0.27,11,3036.55,-126.42,276.05,-4.16,Loyal Customer,2,63.09,78.5,-19.63,Stable,0,Healthy,Active,0,0,Maintain relationship,21.3,639,Long Tail
ML-18040,Michelle Lonsdale,Corporate,West,New Mexico,Albuquerque,2017-12-30,2017-03-26,2017-10-12,79,100.0,0.79,3,742.08,138.72,247.36,18.69,Repeat Customer,1,674.87,0.0,,New or Reactivated,20,Low Risk,At Risk,0,0,Light-touch nurture,20.82,640,Long Tail
TS-21505,Tony Sayre,Consumer,West,Colorado,Parker,2017-12-30,2014-12-20,2017-12-19,11,126.0,0.09,6,2243.27,11.38,373.88,0.51,Loyal Customer,2,655.23,213.72,206.58,Growing,5,Healthy,Active,0,0,Maintain relationship,20.81,641,Long Tail
MB-18085,Mick Brown,Consumer,West,California,Roseville,2017-12-30,2014-01-05,2017-11-16,44,235.0,0.19,7,1428.23,117.81,204.03,8.25,Loyal Customer,1,17.31,0.0,,New or Reactivated,10,Healthy,Watch,0,0,Maintain relationship,20.73,642,Long Tail
SR-20425,Sharelle Roach,Home Office,South,Alabama,Tuscaloosa,2017-12-30,2014-06-14,2017-12-22,8,241.0,0.03,5,3233.48,-3333.91,646.7,-103.11,Repeat Customer,3,407.23,0.0,,New or Reactivated,0,Healthy,Active,0,0,Maintain relationship,20.69,643,Long Tail
CV-12805,Cynthia Voltz,Corporate,East,New York,New York City,2017-12-30,2016-05-09,2017-12-25,5,50.0,0.1,9,2370.31,99.0,263.37,4.18,Loyal Customer,1,41.96,11.81,255.29,Growing,0,Healthy,Active,0,0,Maintain relationship,20.62,644,Long Tail
AB-10150,Aimee Bixby,Consumer,Central,Texas,Carrollton,2017-12-30,2014-03-05,2017-11-19,41,185.0,0.22,5,966.71,313.66,193.34,32.45,Repeat Customer,1,138.7,91.96,50.83,Growing,10,Healthy,Watch,0,0,Maintain relationship,20.58,645,Long Tail
GD-14590,Giulietta Dortch,Corporate,West,Washington,Everett,2017-12-30,2014-05-05,2017-12-25,5,399.0,0.01,4,1888.07,230.94,472.02,12.23,Repeat Customer,1,3.86,0.0,,New or Reactivated,0,Healthy,Active,0,0,Maintain relationship,20.49,646,Long Tail
JS-16030,Joy Smith,Consumer,Central,Texas,Houston,2017-12-30,2014-02-27,2017-12-02,28,121.0,0.23,6,2516.49,-311.26,419.42,-12.37,Loyal Customer,2,343.0,0.0,,New or Reactivated,5,Healthy,Active,0,0,Maintain relationship,20.36,647,Long Tail
PO-19195,Phillina Ober,Home Office,East,New York,New York City,2017-12-30,2014-01-04,2017-10-05,86,228.0,0.38,5,1056.86,-49.7,211.37,-4.7,Repeat Customer,1,236.72,0.0,,New or Reactivated,20,Low Risk,At Risk,0,0,Light-touch nurture,20.29,648,Long Tail
CM-12160,Charles McCrossin,Consumer,East,Pennsylvania,Philadelphia,2017-12-30,2016-10-21,2017-12-04,26,102.0,0.25,6,2533.31,-394.37,422.22,-15.57,Loyal Customer,2,406.71,24.92,1532.06,Growing,5,Healthy,Active,0,0,Maintain relationship,20.27,649,Long Tail
MV-18190,Mike Vittorini,Consumer,East,New York,New York City,2017-12-30,2014-01-30,2017-12-11,19,212.0,0.09,7,1734.57,273.86,247.8,15.79,Loyal Customer,1,63.34,0.0,,New or Reactivated,0,Healthy,Active,0,0,Maintain relationship,20.2,650,Long Tail
MV-17485,Mark Van Huff,Consumer,Central,Texas,Houston,2017-12-30,2014-01-20,2017-12-03,27,151.0,0.18,9,1560.05,189.03,173.34,12.12,Loyal Customer,2,450.19,0.0,,New or Reactivated,5,Healthy,Active,0,0,Maintain relationship,20.08,651,Long Tail
AB-10600,Ann Blume,Corporate,West,Arizona,Tucson,2017-12-30,2014-11-18,2017-11-10,50,233.0,0.21,4,1515.86,-274.96,378.97,-18.14,Repeat Customer,1,1475.05,0.0,,New or Reactivated,15,Healthy,Watch,0,0,Maintain relationship,19.85,652,Long Tail
NS-18505,Neola Schneider,Consumer,Central,Texas,Dallas,2017-12-30,2016-11-24,2017-12-24,6,42.0,0.14,4,2575.86,-12.3,643.97,-0.48,Repeat Customer,2,678.1,0.0,,New or Reactivated,0,Healthy,Active,0,0,Maintain relationship,19.77,653,Long Tail
RD-19720,Roger Demir,Consumer,East,Pennsylvania,Philadelphia,2017-12-30,2014-07-20,2017-12-09,21,98.0,0.21,10,1419.74,207.33,141.97,14.6,Loyal Customer,1,11.09,0.0,,New or Reactivated,5,Healthy,Active,0,0,Maintain relationship,19.53,654,Long Tail
AH-10585,Angele Hood,Consumer,Central,Illinois,Chicago,2017-12-30,2014-10-26,2017-12-09,21,428.0,0.05,4,738.5,83.96,184.63,11.37,Repeat Customer,1,15.98,239.24,-93.32,Sharp Decline,20,Low Risk,Active,0,1,Light-touch nurture,19.51,655,Long Tail
MM-18280,Muhammed MacIntyre,Corporate,East,New York,New York City,2017-12-30,2014-01-20,2017-10-06,85,185.0,0.46,9,775.41,58.89,86.16,7.59,Loyal Customer,1,40.99,29.26,40.09,Growing,20,Low Risk,At Risk,0,0,Light-touch nurture,19.49,656,Long Tail
NK-18490,Neil Knudson,Home Office,South,Florida,Deltona,2017-12-30,2015-05-28,2017-10-21,70,132.0,0.53,7,572.05,121.22,81.72,21.19,Loyal Customer,2,120.69,38.38,214.46,Growing,20,Low Risk,At Risk,0,0,Light-touch nurture,19.44,657,Long Tail
HF-14995,Herbert Flentye,Consumer,Central,Indiana,Indianapolis,2017-12-30,2014-05-26,2017-12-09,21,108.0,0.19,7,2533.16,-13.88,361.88,-0.55,Loyal Customer,1,43.85,0.0,,New or Reactivated,0,Healthy,Active,0,0,Maintain relationship,19.39,658,Long Tail
KC-16675,Kimberly Carter,Corporate,West,Washington,Seattle,2017-12-30,2014-12-13,2017-11-03,57,264.0,0.22,4,1146.05,156.78,286.51,13.68,Repeat Customer,1,447.0,0.0,,New or Reactivated,10,Healthy,Watch,0,0,Maintain relationship,19.12,659,Long Tail
EK-13795,Eileen Kiefer,Home Office,West,California,Escondido,2017-12-30,2014-03-18,2017-11-16,44,669.0,0.07,4,1303.48,97.11,325.87,7.45,Repeat Customer,1,23.36,0.0,,New or Reactivated,10,Healthy,Watch,0,0,Maintain relationship,19.1,660,Long Tail
KN-16390,Katherine Nockton,Corporate,East,Massachusetts,New Bedford,2017-12-30,2014-12-02,2017-12-11,19,104.0,0.18,9,2617.27,-151.15,290.81,-5.78,Loyal Customer,2,401.82,8.67,4534.6,Growing,0,Healthy,Active,0,0,Maintain relationship,18.99,661,Long Tail
MD-17860,Michael Dominguez,Corporate,South,North Carolina,Asheville,2017-12-30,2014-12-02,2017-11-24,36,233.0,0.15,5,1204.91,-4.04,240.98,-0.34,Repeat Customer,2,928.13,9.41,9763.23,Growing,15,Healthy,Watch,0,0,Maintain relationship,18.94,662,Long Tail
DL-13315,Delfina Latchford,Consumer,East,New York,New York City,2017-12-30,2014-01-16,2017-12-08,22,133.0,0.17,8,1458.26,288.87,182.28,19.81,Loyal Customer,2,482.65,0.0,,New or Reactivated,0,Healthy,Active,0,0,Maintain relationship,18.76,663,Long Tail
LC-16870,Lena Cacioppo,Consumer,West,Colorado,Thornton,2017-12-30,2015-05-03,2017-12-03,27,49.0,0.55,8,2580.7,-188.25,322.59,-7.29,Loyal Customer,1,306.36,133.9,128.8,Growing,0,Healthy,Active,0,0,Maintain relationship,18.65,664,Long Tail
NB-18655,Nona Balk,Corporate,East,New Jersey,Paterson,2017-12-30,2014-12-05,2017-12-11,19,103.0,0.18,9,1972.6,117.64,219.18,5.96,Loyal Customer,3,218.99,0.0,,New or Reactivated,0,Healthy,Active,0,0,Maintain relationship,18.61,665,Long Tail
AJ-10960,Astrea Jones,Consumer,West,California,San Diego,2017-12-30,2014-09-14,2017-10-17,74,423.0,0.17,3,629.25,60.43,209.75,9.6,Repeat Customer,1,10.64,0.0,,New or Reactivated,20,Low Risk,At Risk,0,0,Light-touch nurture,18.51,666,Long Tail
JB-15400,Jennifer Braxton,Corporate,Central,Illinois,Rockford,2017-12-30,2014-09-14,2017-12-23,7,120.0,0.06,10,1791.61,156.05,179.16,8.71,Loyal Customer,3,466.41,387.99,20.21,Growing,0,Healthy,Active,0,0,Maintain relationship,18.31,667,Long Tail
GW-14605,Giulietta Weimer,Consumer,East,Pennsylvania,Philadelphia,2017-12-30,2014-03-01,2017-12-02,28,257.0,0.11,7,2189.02,-268.54,312.72,-12.27,Loyal Customer,1,631.18,90.57,596.9,Growing,5,Healthy,Active,0,0,Maintain relationship,18.28,668,Long Tail
RD-19930,Russell D'Ascenzo,Consumer,Central,Illinois,Chicago,2017-12-30,2014-10-03,2017-11-18,42,190.0,0.22,4,970.94,35.06,242.74,3.61,Repeat Customer,1,182.97,0.0,,New or Reactivated,15,Healthy,Watch,0,0,Maintain relationship,18.12,669,Long Tail
JL-15175,James Lanier,Home Office,West,Arizona,Chandler,2017-12-30,2014-12-31,2017-12-24,6,272.0,0.02,5,1571.52,209.28,314.3,13.32,Repeat Customer,2,860.58,0.0,,New or Reactivated,0,Healthy,Active,0,0,Maintain relationship,18.01,670,Long Tail
SV-20935,Susan Vittorini,Consumer,West,New Mexico,Albuquerque,2017-12-30,2016-03-19,2017-12-28,2,81.0,0.02,8,1903.49,106.89,237.94,5.62,Loyal Customer,4,1065.46,0.0,,New or Reactivated,0,Healthy,Active,0,0,Maintain relationship,17.97,671,Long Tail
GA-14725,Guy Armstrong,Consumer,Central,Texas,Dallas,2017-12-30,2014-02-11,2017-12-25,5,101.0,0.05,11,1398.38,136.71,127.13,9.78,Loyal Customer,2,312.09,192.16,62.41,Growing,5,Healthy,Active,0,0,Maintain relationship,17.96,672,Long Tail
VF-21715,Vicky Freymann,Home Office,Central,Indiana,Columbus,2017-12-30,2014-03-01,2017-12-17,13,208.0,0.06,5,847.94,-96.28,169.59,-11.35,Repeat Customer,1,28.16,133.58,-78.92,Sharp Decline,20,Low Risk,Active,0,1,Light-touch nurture,17.92,673,Long Tail
JG-15310,Jason Gross,Corporate,West,California,Long Beach,2017-12-30,2016-03-03,2017-12-28,2,100.0,0.02,6,2240.58,3.8,373.43,0.17,Loyal Customer,3,1270.61,0.0,,New or Reactivated,0,Healthy,Active,0,0,Maintain relationship,17.91,674,Long Tail
BF-11080,Bart Folk,Consumer,East,New York,New York City,2017-12-30,2014-11-28,2017-12-05,25,331.0,0.08,3,272.95,110.93,90.98,40.64,Repeat Customer,1,32.67,225.61,-85.52,Sharp Decline,20,Low Risk,Active,0,1,Light-touch nurture,17.66,675,Long Tail
CA-12310,Christine Abelman,Corporate,West,California,Anaheim,2017-12-30,2014-07-19,2017-12-17,13,187.0,0.07,4,1421.95,246.02,355.49,17.3,Repeat Customer,2,590.08,0.0,,New or Reactivated,0,Healthy,Active,0,0,Maintain relationship,17.61,676,Long Tail
EB-13975,Erica Bern,Corporate,West,California,Fairfield,2017-12-30,2016-01-04,2017-12-30,0,218.0,0.0,4,1643.26,162.88,410.81,9.91,Repeat Customer,1,34.62,0.0,,New or Reactivated,0,Healthy,Active,0,0,Maintain relationship,17.46,677,Long Tail
JC-16105,Julie Creighton,Corporate,South,Georgia,Atlanta,2017-12-30,2014-11-18,2017-11-03,57,203.0,0.28,5,858.58,201.6,171.72,23.48,Repeat Customer,2,155.31,0.0,,New or Reactivated,10,Healthy,Watch,0,0,Maintain relationship,17.45,678,Long Tail
ME-17725,Max Engle,Consumer,South,Virginia,Salem,2017-12-30,2014-07-12,2017-12-02,28,155.0,0.18,8,1908.45,77.81,238.56,4.08,Loyal Customer,2,857.9,0.0,,New or Reactivated,0,Healthy,Active,0,0,Maintain relationship,17.42,679,Long Tail
SF-20065,Sandra Flanagan,Consumer,East,Massachusetts,Everett,2017-12-30,2014-09-10,2017-11-01,59,215.0,0.27,7,763.55,228.16,109.08,29.88,Loyal Customer,1,230.69,71.37,223.23,Growing,10,Healthy,Watch,0,0,Maintain relationship,17.42,679,Long Tail
AG-10765,Anthony Garverick,Home Office,Central,Illinois,Chicago,2017-12-30,2014-09-17,2017-10-14,77,421.0,0.18,4,170.58,-8.43,42.65,-4.94,Repeat Customer,1,40.85,0.0,,New or Reactivated,25,Low Risk,At Risk,0,0,Light-touch nurture,17.42,679,Long Tail
EG-13900,Emily Grady,Consumer,East,Pennsylvania,Philadelphia,2017-12-30,2015-11-02,2017-12-08,22,144.0,0.15,5,1832.02,104.27,366.4,5.69,Repeat Customer,2,455.5,0.0,,New or Reactivated,0,Healthy,Active,0,0,Maintain relationship,17.4,680,Long Tail
BP-11290,Beth Paige,Consumer,East,Ohio,Columbus,2017-12-30,2014-10-03,2017-12-18,12,117.0,0.1,7,2475.16,-319.06,353.59,-12.89,Loyal Customer,2,668.7,0.0,,New or Reactivated,0,Healthy,Active,0,0,Maintain relationship,17.33,681,Long Tail
BG-11740,Bruce Geld,Consumer,West,California,Bakersfield,2017-12-30,2014-03-23,2017-11-03,57,330.0,0.17,6,1006.36,119.35,167.73,11.86,Loyal Customer,1,486.37,0.0,,New or Reactivated,10,Healthy,Watch,0,0,Maintain relationship,17.28,682,Long Tail
DO-13645,Doug O'Connell,Consumer,East,New Jersey,Paterson,2017-12-30,2015-11-07,2017-12-04,26,114.0,0.23,7,1267.32,294.07,181.05,23.2,Loyal Customer,2,555.72,634.96,-12.48,Stable,0,Healthy,Active,0,0,Maintain relationship,17.25,683,Long Tail
CS-12460,Chuck Sachs,Consumer,East,New York,New York City,2017-12-30,2017-07-03,2017-12-03,27,46.0,0.59,2,550.64,156.26,275.32,28.38,Repeat Customer,1,238.68,311.96,-23.49,Declining,15,Healthy,Active,0,1,Maintain relationship,17.23,684,Long Tail
JB-16000,Joy Bell-,Consumer,Central,Texas,Brownsville,2017-12-30,2016-01-10,2017-11-17,43,169.0,0.25,7,644.12,126.76,92.02,19.68,Loyal Customer,2,347.17,74.18,368.01,Growing,15,Healthy,Watch,0,0,Maintain relationship,17.22,685,Long Tail
CW-11905,Carl Weiss,Home Office,East,Rhode Island,Cranston,2017-12-30,2014-06-09,2017-12-08,22,192.0,0.11,6,1136.59,370.83,189.43,32.63,Loyal Customer,1,592.74,0.0,,New or Reactivated,0,Healthy,Active,0,0,Maintain relationship,17.14,686,Long Tail
JH-15910,Jonathan Howell,Consumer,Central,Illinois,Chicago,2017-12-30,2015-06-12,2017-11-19,41,167.0,0.25,7,959.48,-13.55,137.07,-1.41,Loyal Customer,1,219.08,0.0,,New or Reactivated,15,Healthy,Watch,0,0,Maintain relationship,16.95,687,Long Tail
BK-11260,Berenike Kampe,Consumer,West,California,San Francisco,2017-12-30,2014-08-03,2017-10-14,77,117.0,0.66,6,659.14,-63.76,109.86,-9.67,Loyal Customer,1,46.36,21.96,111.11,Growing,20,Low Risk,At Risk,0,0,Light-touch nurture,16.84,688,Long Tail
PN-18775,Parhena Norris,Home Office,South,Florida,Miami,2017-12-30,2015-08-07,2017-11-30,30,106.0,0.28,8,1467.15,192.04,183.39,13.09,Loyal Customer,2,168.51,0.0,,New or Reactivated,0,Healthy,Active,0,0,Maintain relationship,16.83,689,Long Tail
TB-21190,Thomas Brumley,Home Office,West,California,Los Angeles,2017-12-30,2014-12-27,2017-11-11,49,525.0,0.09,4,816.17,179.0,204.04,21.93,Repeat Customer,2,42.72,0.0,,New or Reactivated,10,Healthy,Watch,0,0,Maintain relationship,16.7,690,Long Tail
HH-15010,Hilary Holden,Corporate,West,California,San Francisco,2017-12-30,2014-08-29,2017-10-19,72,344.0,0.21,2,218.67,86.73,109.33,39.66,Repeat Customer,1,95.39,0.0,,New or Reactivated,20,Low Risk,At Risk,0,0,Light-touch nurture,16.67,691,Long Tail
PB-19105,Peter Bühler,Consumer,East,Pennsylvania,Philadelphia,2017-12-30,2014-11-15,2017-11-03,57,407.0,0.14,4,688.32,218.16,172.08,31.69,Repeat Customer,1,40.78,30.9,31.97,Growing,10,Healthy,Watch,0,0,Maintain relationship,16.6,692,Long Tail
RD-19810,Ross DeVincentis,Home Office,East,New York,Rochester,2017-12-30,2014-10-27,2017-12-16,14,115.0,0.12,8,1137.62,318.46,142.2,27.99,Loyal Customer,2,238.36,0.0,,New or Reactivated,0,Healthy,Active,0,0,Maintain relationship,16.51,693,Long Tail
LE-16810,Laurel Elliston,Consumer,West,California,Whittier,2017-12-30,2014-05-27,2017-12-09,21,242.0,0.09,6,1469.45,161.76,244.91,11.01,Loyal Customer,1,444.77,0.0,,New or Reactivated,0,Healthy,Active,0,0,Maintain relationship,16.46,694,Long Tail
DK-12985,Darren Koutras,Consumer,South,Tennessee,Hendersonville,2017-12-30,2014-11-24,2017-12-23,7,241.0,0.03,5,1687.04,-107.35,337.41,-6.36,Repeat Customer,1,303.32,0.0,,New or Reactivated,5,Healthy,Active,0,0,Maintain relationship,16.26,695,Long Tail
MK-17905,Michael Kennedy,Corporate,South,Florida,Miami,2017-12-30,2014-11-18,2017-12-02,28,104.0,0.27,8,2302.37,-405.36,287.8,-17.61,Loyal Customer,1,47.96,36.02,33.15,Growing,0,Healthy,Active,0,0,Maintain relationship,16.08,696,Long Tail
DL-13330,Denise Leinenbach,Consumer,West,New Mexico,Las Cruces,2017-12-30,2014-06-23,2017-11-03,57,263.0,0.22,4,585.02,222.68,146.26,38.06,Repeat Customer,1,41.37,0.0,,New or Reactivated,10,Healthy,Watch,0,0,Maintain relationship,16.02,697,Long Tail
SH-20395,Shahid Hopkins,Consumer,East,Ohio,Toledo,2017-12-30,2014-11-02,2017-12-07,23,121.0,0.19,10,2180.72,-144.52,218.07,-6.63,Loyal Customer,1,127.98,88.88,43.99,Growing,0,Healthy,Active,0,0,Maintain relationship,15.95,698,Long Tail
HG-14845,Harry Greene,Consumer,Central,Texas,Dallas,2017-12-30,2014-04-29,2017-11-06,54,215.0,0.25,5,785.63,147.0,157.13,18.71,Repeat Customer,2,382.55,0.0,,New or Reactivated,10,Healthy,Watch,0,0,Maintain relationship,15.9,699,Long Tail
BO-11425,Bobby Odegard,Consumer,South,Kentucky,Richmond,2017-12-30,2015-09-10,2017-10-16,75,1151.0,0.07,2,130.83,59.45,65.42,45.44,Repeat Customer,1,124.75,0.0,,New or Reactivated,20,Low Risk,At Risk,0,0,Light-touch nurture,15.79,700,Long Tail
BF-11005,Barry Franz,Home Office,West,California,Pasadena,2017-12-30,2014-09-25,2017-11-21,39,192.0,0.2,4,1333.88,-291.38,333.47,-21.84,Repeat Customer,1,739.74,0.0,,New or Reactivated,10,Healthy,Watch,0,0,Maintain relationship,15.66,701,Long Tail
CG-12040,Catherine Glotzbach,Home Office,Central,Wisconsin,Milwaukee,2017-12-30,2015-06-01,2017-11-11,49,168.0,0.29,6,904.47,86.51,150.74,9.56,Loyal Customer,1,18.24,0.0,,New or Reactivated,10,Healthy,Watch,0,0,Maintain relationship,15.62,702,Long Tail
HZ-14950,Henia Zydlo,Consumer,South,Florida,Fort Lauderdale,2017-12-30,2016-03-14,2017-11-25,35,186.0,0.19,5,886.52,-130.39,177.3,-14.71,Repeat Customer,2,779.1,20.12,3772.27,Growing,15,Healthy,Watch,0,0,Maintain relationship,15.46,703,Long Tail
AA-10375,Allen Armold,Consumer,East,New York,New York City,2017-12-30,2014-04-21,2017-12-11,19,143.0,0.13,9,1056.39,277.38,117.38,26.26,Loyal Customer,1,149.87,56.86,163.58,Growing,0,Healthy,Active,0,0,Maintain relationship,15.28,704,Long Tail
HR-14770,Hallie Redmond,Home Office,West,California,Los Angeles,2017-12-30,2014-03-01,2017-12-17,13,173.0,0.08,5,1299.29,185.58,259.86,14.28,Repeat Customer,1,11.81,0.0,,New or Reactivated,0,Healthy,Active,0,0,Maintain relationship,15.19,705,Long Tail
JS-15685,Jim Sink,Corporate,South,Florida,Miramar,2017-12-30,2016-06-14,2017-11-18,42,78.0,0.54,4,1131.06,-54.87,282.77,-4.85,Repeat Customer,1,552.86,0.0,,New or Reactivated,10,Healthy,Watch,0,0,Maintain relationship,15.18,706,Long Tail
EL-13735,Ed Ludwig,Home Office,East,Maryland,Columbia,2017-12-30,2016-04-22,2017-10-14,77,810.0,0.1,2,124.28,27.12,62.14,21.82,Repeat Customer,1,37.66,0.0,,New or Reactivated,20,Low Risk,At Risk,0,0,Light-touch nurture,15.12,707,Long Tail
KB-16600,Ken Brennan,Corporate,Central,Michigan,Grand Rapids,2017-12-30,2014-12-30,2017-12-29,1,205.0,0.0,7,983.92,293.55,140.56,29.83,Loyal Customer,3,877.85,0.0,,New or Reactivated,0,Healthy,Active,0,0,Maintain relationship,15.04,708,Long Tail
CM-12190,Charlotte Melton,Consumer,Central,Minnesota,Rochester,2017-12-30,2015-09-18,2017-12-22,8,207.0,0.04,6,1475.14,91.2,245.86,6.18,Loyal Customer,2,758.62,183.37,313.71,Growing,0,Healthy,Active,0,0,Maintain relationship,15.02,709,Long Tail
LP-17080,Liz Pelletier,Consumer,West,California,San Francisco,2017-12-30,2014-06-24,2017-11-20,40,233.0,0.17,4,756.61,110.78,189.15,14.64,Repeat Customer,1,126.66,0.0,,New or Reactivated,10,Healthy,Watch,0,0,Maintain relationship,14.98,710,Long Tail
BP-11230,Benjamin Patterson,Consumer,West,Washington,Spokane,2017-12-30,2014-04-20,2017-11-21,39,393.0,0.1,5,1181.49,-197.27,236.3,-16.7,Repeat Customer,1,70.98,0.0,,New or Reactivated,10,Healthy,Watch,0,0,Maintain relationship,14.73,711,Long Tail
PT-19090,Pete Takahito,Consumer,South,Florida,Jacksonville,2017-12-30,2014-09-12,2017-10-20,71,284.0,0.25,4,160.57,-20.05,40.14,-12.49,Repeat Customer,1,59.82,2.11,2735.07,Growing,20,Low Risk,At Risk,0,0,Light-touch nurture,14.42,712,Long Tail
RF-19840,Roy Französisch,Consumer,East,New York,New York City,2017-12-30,2014-11-12,2017-12-24,6,171.0,0.04,8,945.22,280.03,118.15,29.63,Loyal Customer,1,35.91,0.0,,New or Reactivated,0,Healthy,Active,0,0,Maintain relationship,14.36,713,Long Tail
BF-11275,Beth Fritzler,Corporate,South,Florida,Miami,2017-12-30,2014-03-22,2017-11-03,57,661.0,0.09,3,791.99,25.87,264.0,3.27,Repeat Customer,1,361.38,41.91,762.28,Growing,10,Healthy,Watch,0,0,Maintain relationship,13.48,714,Long Tail
DC-13285,Debra Catini,Consumer,South,Virginia,Richmond,2017-12-30,2014-12-29,2017-12-07,23,269.0,0.09,5,1174.62,132.07,234.92,11.24,Repeat Customer,2,390.05,0.0,,New or Reactivated,0,Healthy,Active,0,0,Maintain relationship,13.3,715,Long Tail
VP-21730,Victor Preis,Home Office,East,New York,New York City,2017-12-30,2015-07-05,2017-11-30,30,330.0,0.09,3,993.9,205.39,331.3,20.66,Repeat Customer,1,899.11,0.0,,New or Reactivated,0,Healthy,Active,0,0,Maintain relationship,13.3,715,Long Tail
AT-10435,Alyssa Tate,Home Office,West,California,Los Angeles,2017-12-30,2014-11-24,2017-12-09,21,208.0,0.1,6,1171.81,100.88,195.3,8.61,Loyal Customer,1,1096.49,0.0,,New or Reactivated,0,Healthy,Active,0,0,Maintain relationship,12.62,716,Long Tail
DK-13150,David Kendrick,Corporate,East,New York,New York City,2017-12-30,2014-12-05,2017-12-20,10,417.0,0.02,2,797.83,249.94,398.92,31.33,Repeat Customer,1,364.27,0.0,,New or Reactivated,0,Healthy,Active,0,0,Maintain relationship,12.6,717,Long Tail
JL-15130,Jack Lebron,Consumer,South,Tennessee,Jackson,2017-12-30,2014-07-18,2017-12-22,8,171.0,0.05,6,1214.96,-207.8,202.49,-17.1,Loyal Customer,1,1090.35,0.0,,New or Reactivated,5,Healthy,Active,0,0,Maintain relationship,12.13,718,Long Tail
GT-14755,Guy Thornton,Consumer,Central,Illinois,Rockford,2017-12-30,2015-02-18,2017-11-26,34,253.0,0.13,4,226.44,-6.14,56.61,-2.71,Repeat Customer,1,33.57,0.0,,New or Reactivated,15,Healthy,Watch,0,0,Maintain relationship,12.13,718,Long Tail
MS-17980,Michael Stewart,Corporate,East,Pennsylvania,Philadelphia,2017-12-30,2014-06-30,2017-12-04,26,188.0,0.14,6,855.12,55.23,142.52,6.46,Loyal Customer,1,588.01,0.0,,New or Reactivated,5,Healthy,Active,0,0,Maintain relationship,11.75,719,Long Tail
SJ-20215,Sarah Jordon,Consumer,Central,Texas,Grand Prairie,2017-12-30,2015-02-09,2017-12-01,29,171.0,0.17,6,1341.04,-23.51,223.51,-1.75,Loyal Customer,1,536.86,80.56,566.41,Growing,0,Healthy,Active,0,0,Maintain relationship,11.73,720,Long Tail
PB-18805,Patrick Bzostek,Home Office,West,Washington,Seattle,2017-12-30,2015-11-20,2017-12-05,25,124.0,0.2,3,740.36,229.23,246.79,30.96,Repeat Customer,1,497.04,0.0,,New or Reactivated,0,Healthy,Active,0,0,Maintain relationship,11.65,721,Long Tail
SK-19990,Sally Knutson,Consumer,East,Ohio,Toledo,2017-12-30,2016-11-28,2017-12-22,8,146.0,0.05,3,883.41,168.79,294.47,19.11,Repeat Customer,1,631.6,0.0,,New or Reactivated,0,Healthy,Active,0,0,Maintain relationship,11.48,722,Long Tail
TC-21535,Tracy Collins,Home Office,East,Ohio,Columbus,2017-12-30,2014-11-03,2017-12-26,4,192.0,0.02,7,742.56,217.93,106.08,29.35,Loyal Customer,2,53.17,0.0,,New or Reactivated,0,Healthy,Active,0,0,Maintain relationship,11.46,723,Long Tail
AM-10360,Alice McCarthy,Corporate,West,California,Los Angeles,2017-12-30,2014-10-06,2017-12-02,28,157.0,0.18,5,814.01,194.99,162.8,23.95,Repeat Customer,1,178.89,0.0,,New or Reactivated,0,Healthy,Active,0,0,Maintain relationship,11.41,724,Long Tail
DV-13045,Darrin Van Huff,Corporate,South,Florida,Jacksonville,2017-12-30,2016-06-12,2017-12-11,19,103.0,0.18,5,1119.48,-427.18,223.9,-38.16,Repeat Customer,2,1062.36,0.0,,New or Reactivated,5,Healthy,Active,0,0,Maintain relationship,10.83,725,Long Tail
DD-13570,Dorothy Dickinson,Consumer,South,Virginia,Alexandria,2017-12-30,2014-03-31,2017-11-19,41,249.0,0.16,6,269.54,36.43,44.92,13.52,Loyal Customer,1,25.06,3.3,659.39,Growing,10,Healthy,Watch,0,0,Maintain relationship,10.68,726,Long Tail
JW-15955,Joni Wasserman,Consumer,South,Kentucky,Louisville,2017-12-30,2015-08-16,2017-12-25,5,129.0,0.04,7,1244.09,-29.58,177.73,-2.38,Loyal Customer,2,409.85,311.33,31.64,Growing,0,Healthy,Active,0,0,Maintain relationship,10.59,727,Long Tail
EM-14065,Erin Mull,Consumer,East,New York,New York City,2017-12-30,2014-07-22,2017-11-13,47,363.0,0.13,4,228.99,40.15,57.25,17.54,Repeat Customer,1,11.21,0.0,,New or Reactivated,10,Healthy,Watch,0,0,Maintain relationship,10.49,728,Long Tail
JM-15655,Jim Mitchum,Corporate,West,New Mexico,Carlsbad,2017-12-30,2014-04-08,2017-12-22,8,185.0,0.04,5,864.95,117.2,172.99,13.55,Repeat Customer,2,388.52,0.0,,New or Reactivated,0,Healthy,Active,0,0,Maintain relationship,10.48,729,Long Tail
CD-11980,Carol Darley,Consumer,East,New York,New York City,2017-12-30,2016-11-24,2017-11-06,54,104.0,0.52,3,639.77,-206.72,213.26,-32.31,Repeat Customer,1,318.96,0.0,,New or Reactivated,10,Healthy,Watch,0,0,Maintain relationship,10.36,730,Long Tail
EH-14005,Erica Hernandez,Home Office,South,Tennessee,Nashville,2017-12-30,2014-05-13,2017-12-28,2,199.0,0.01,7,1219.53,-94.14,174.22,-7.72,Loyal Customer,2,232.42,269.68,-13.82,Stable,0,Healthy,Active,0,0,Maintain relationship,9.99,731,Long Tail
JM-15580,Jill Matthias,Consumer,West,Colorado,Loveland,2017-12-30,2016-04-14,2017-12-30,0,156.0,0.0,5,303.95,113.12,60.79,37.22,Repeat Customer,1,3.02,0.0,,New or Reactivated,5,Healthy,Active,0,0,Maintain relationship,9.67,732,Long Tail
LO-17170,Lori Olson,Corporate,Central,Illinois,Peoria,2017-12-30,2015-02-06,2017-12-28,2,198.0,0.01,5,644.35,150.17,128.87,23.31,Repeat Customer,2,173.96,0.0,,New or Reactivated,0,Healthy,Active,0,0,Maintain relationship,9.4,733,Long Tail
AG-10330,Alex Grayson,Consumer,West,Arizona,Mesa,2017-12-30,2016-08-03,2017-12-22,8,95.0,0.08,5,660.97,-5.14,132.19,-0.78,Repeat Customer,4,412.15,0.0,,New or Reactivated,5,Healthy,Active,0,0,Maintain relationship,9.22,734,Long Tail
AS-10135,Adrian Shami,Home Office,East,New York,New York City,2017-12-30,2016-11-13,2017-11-19,41,278.0,0.15,2,58.82,21.85,29.41,37.15,Repeat Customer,1,54.64,0.0,,New or Reactivated,10,Healthy,Watch,0,0,Maintain relationship,9.21,735,Long Tail
LB-16735,Larry Blacks,Consumer,South,Florida,Tallahassee,2017-12-30,2016-07-25,2017-11-12,48,356.0,0.13,3,50.19,18.65,16.73,37.16,Repeat Customer,1,26.72,0.0,,New or Reactivated,10,Healthy,Watch,0,0,Maintain relationship,9.09,736,Long Tail
BD-11635,Brian Derr,Consumer,South,Kentucky,Bowling Green,2017-12-30,2014-10-05,2017-12-21,9,440.0,0.02,3,582.65,141.53,194.22,24.29,Repeat Customer,1,71.0,0.0,,New or Reactivated,0,Healthy,Active,0,0,Maintain relationship,8.81,737,Long Tail
RR-19315,Ralph Ritter,Consumer,Central,Illinois,Aurora,2017-12-30,2016-11-14,2017-12-11,19,196.0,0.1,2,615.93,-73.84,307.97,-11.99,Repeat Customer,1,608.55,0.0,,New or Reactivated,5,Healthy,Active,0,0,Maintain relationship,8.22,738,Long Tail
AW-10840,Anthony Witt,Consumer,East,Pennsylvania,Philadelphia,2017-12-30,2015-04-13,2017-12-10,20,208.0,0.1,4,649.38,65.77,162.34,10.13,Repeat Customer,1,321.25,284.98,12.73,Stable,0,Healthy,Active,0,0,Maintain relationship,7.81,739,Long Tail
AY-10555,Andy Yotov,Corporate,West,California,Oceanside,2017-12-30,2014-04-06,2017-12-16,14,225.0,0.06,4,497.01,103.35,124.25,20.79,Repeat Customer,1,222.03,0.0,,New or Reactivated,0,Healthy,Active,0,0,Maintain relationship,7.74,740,Long Tail
MZ-17335,Maria Zettner,Home Office,West,California,San Francisco,2017-12-30,2015-11-08,2017-11-30,30,226.0,0.13,4,593.61,85.02,148.4,14.32,Repeat Customer,1,25.83,0.0,,New or Reactivated,0,Healthy,Active,0,0,Maintain relationship,7.7,741,Long Tail
KM-16660,Khloe Miller,Consumer,West,California,Inglewood,2017-12-30,2014-12-22,2017-12-15,15,204.0,0.07,5,453.54,91.14,90.71,20.1,Repeat Customer,1,273.93,0.0,,New or Reactivated,0,Healthy,Active,0,0,Maintain relationship,7.24,742,Long Tail
RB-19570,Rob Beeghly,Consumer,Central,Indiana,Columbus,2017-12-30,2016-04-28,2017-12-05,25,110.0,0.23,5,528.55,76.89,105.71,14.55,Repeat Customer,1,199.73,0.0,,New or Reactivated,0,Healthy,Active,0,0,Maintain relationship,7.23,743,Long Tail
JH-15430,Jennifer Halladay,Consumer,South,Florida,Hialeah,2017-12-30,2014-02-24,2017-12-25,5,350.0,0.01,4,309.28,-24.08,77.32,-7.78,Repeat Customer,3,253.61,0.0,,New or Reactivated,5,Healthy,Active,0,0,Maintain relationship,7.02,744,Long Tail
GH-14665,Greg Hansen,Consumer,Central,Texas,Round Rock,2017-12-30,2015-11-17,2017-12-28,2,579.0,0.0,2,146.94,-5.81,73.47,-3.95,Repeat Customer,1,106.02,0.0,,New or Reactivated,5,Healthy,Active,0,0,Maintain relationship,6.25,745,Long Tail
LT-16765,Larry Tron,Consumer,East,Ohio,Fairfield,2017-12-30,2014-09-01,2017-12-04,26,893.0,0.03,3,329.88,59.04,109.96,17.9,Repeat Customer,1,74.35,0.0,,New or Reactivated,0,Healthy,Active,0,0,Maintain relationship,5.94,746,Long Tail
SC-20800,Stuart Calhoun,Consumer,Central,Texas,Edinburg,2017-12-30,2015-12-11,2017-11-30,30,270.0,0.11,4,279.26,51.83,69.81,18.56,Repeat Customer,1,2.37,0.0,,New or Reactivated,0,Healthy,Active,0,0,Maintain relationship,5.49,747,Long Tail
AR-10510,Andrew Roberts,Consumer,Central,Oklahoma,Tulsa,2017-12-30,2014-05-02,2017-12-16,14,331.0,0.04,5,264.86,43.67,52.97,16.49,Repeat Customer,1,10.8,0.0,,New or Reactivated,0,Healthy,Active,0,0,Maintain relationship,5.22,748,Long Tail
BN-11470,Brad Norvell,Corporate,West,California,Brentwood,2017-12-30,2014-09-12,2017-12-06,24,354.0,0.07,4,265.3,36.61,66.32,13.8,Repeat Customer,1,10.68,0.0,,New or Reactivated,0,Healthy,Active,0,0,Maintain relationship,5.16,749,Long Tail
CC-12550,Clay Cheatham,Consumer,Central,Texas,Plano,2017-12-30,2017-06-15,2017-12-03,27,86.0,0.31,3,113.83,33.87,37.94,29.75,Repeat Customer,2,65.86,0.0,,New or Reactivated,0,Healthy,Active,0,0,Maintain relationship,4.24,750,Long Tail
PL-18925,Paul Lucas,Home Office,West,Washington,Seattle,2017-12-30,2014-11-01,2017-12-15,15,244.0,0.06,5,239.48,-0.75,47.9,-0.31,Repeat Customer,1,22.77,0.0,,New or Reactivated,0,Healthy,Active,0,0,Maintain relationship,4.16,751,Long Tail
RS-19870,Roy Skaria,Home Office,Central,Iowa,Burlington,2017-12-30,2016-06-07,2017-12-11,19,414.0,0.05,2,22.33,9.58,11.16,42.92,Repeat Customer,1,12.68,0.0,,New or Reactivated,0,Healthy,Active,0,0,Maintain relationship,3.31,752,Long Tail
